round,board,white,black,white_id,black_id,white_elo,black_elo,result,white_pts,black_pts,draw,moves,gap_w,gap_b,s_w,s_b,top_pair,mean_elo,short_draw
1,1,"Xiong, Jeffery","Praggnanandhaa, R",2047640,25059530,2640,2785,1/2-1/2,0.5,0.5,1,31,0.0,0.0,0.0,0.0,1,2712.5,1
1,2,"Erigaisi, Arjun","Chigaev, Maksim",35009192,4108116,2771,2638,1/2-1/2,0.5,0.5,1,54,0.0,0.0,0.0,0.0,1,2704.5,0
1,3,"Bacrot, Etienne","Gukesh, D",605506,46616543,2637,2767,0-1,0.0,1.0,0,45,0.0,0.0,0.0,0.0,1,2702.0,0
1,4,"Firouzja, Alireza","Amin, Bassem",12573981,10601457,2754,2636,1-0,1.0,0.0,0,65,0.0,0.0,0.0,0.0,1,2695.0,0
1,5,"Gurel, Ediz","Keymer, Vincent",44507356,12940690,2631,2751,1/2-1/2,0.5,0.5,1,36,0.0,0.0,0.0,0.0,1,2691.0,0
1,6,"Abdusattorov, Nodirbek","Ivic, Velimir",14204118,950122,2748,2630,1-0,1.0,0.0,0,54,0.0,0.0,0.0,0.0,1,2689.0,0
1,7,"Hovhannisyan, Robert","Giri, Anish",13302507,24116068,2629,2746,0-1,0.0,1.0,0,40,0.0,0.0,0.0,0.0,1,2687.5,0
1,8,"Aronian, Levon","Martirosyan, Haik M.",13300474,13306553,2744,2628,1/2-1/2,0.5,0.5,1,32,0.0,0.0,0.0,0.0,1,2686.0,1
1,9,"Volokitin, Andrei","Nepomniachtchi, Ian",14107090,4168119,2628,2742,1/2-1/2,0.5,0.5,1,37,0.0,0.0,0.0,0.0,1,2685.0,0
1,10,"Mamedyarov, Shakhriyar","Cheparinov, Ivan",13401319,2905540,2741,2627,1/2-1/2,0.5,0.5,1,25,0.0,0.0,0.0,0.0,1,2684.0,1
1,11,"Sjugirov, Sanan","Vachier-Lagrave, Maxime",4189302,623539,2627,2738,1/2-1/2,0.5,0.5,1,78,0.0,0.0,0.0,0.0,1,2682.5,0
1,12,"Niemann, Hans Moke","Sargissian, Gabriel",2093596,13300881,2733,2626,1/2-1/2,0.5,0.5,1,30,0.0,0.0,0.0,0.0,1,2679.5,1
1,13,"Anton Guijarro, David","Fedoseev, Vladimir",2285525,24130737,2625,2731,1-0,1.0,0.0,0,50,0.0,0.0,0.0,0.0,1,2678.0,0
1,14,"Sindarov, Javokhir","Hakobyan, Aram",14205483,13306677,2722,2625,1/2-1/2,0.5,0.5,1,45,0.0,0.0,0.0,0.0,1,2673.5,0
1,15,"Dardha, Daniel","Yu, Yangyi",240990,8603820,2624,2714,1/2-1/2,0.5,0.5,1,39,0.0,0.0,0.0,0.0,1,2669.0,0
1,16,"Vidit, Santosh Gujrathi","Donchenko, Alexander",5029465,24603295,2712,2624,1-0,1.0,0.0,0,37,0.0,0.0,0.0,0.0,1,2668.0,0
1,17,"Ponomariov, Ruslan","Rapport, Richard",14103320,738590,2622,2711,1/2-1/2,0.5,0.5,1,33,0.0,0.0,0.0,0.0,1,2666.5,1
1,18,"Harikrishna, Pentala","Demchenko, Anton",5007003,4160258,2704,2620,0-1,0.0,1.0,0,42,0.0,0.0,0.0,0.0,1,2662.0,0
1,19,"Santos Latasa, Jaime","Liang, Awonder",2293307,2056437,2620,2698,1/2-1/2,0.5,0.5,1,34,0.0,0.0,0.0,0.0,1,2659.0,1
1,20,"Nihal, Sarin","Svane, Rasmus",25092340,4657101,2693,2620,1/2-1/2,0.5,0.5,1,31,0.0,0.0,0.0,0.0,1,2656.5,1
1,21,"Aryan, Chopra","Maghsoodloo, Parham",5084423,12539929,2619,2692,0-1,0.0,1.0,0,65,0.0,0.0,0.0,0.0,1,2655.5,0
1,22,"Sevian, Samuel","Hammer, Jon Ludvig",2040506,1503707,2692,2618,1/2-1/2,0.5,0.5,1,76,0.0,0.0,0.0,0.0,1,2655.0,0
1,23,"Korobov, Anton","Van Foreest, Jorden",14105730,1039784,2616,2692,1/2-1/2,0.5,0.5,1,34,0.0,0.0,0.0,0.0,1,2654.0,1
1,24,"Dubov, Daniil","Shirov, Alexei",24126055,2209390,2691,2616,1/2-1/2,0.5,0.5,1,19,0.0,0.0,0.0,0.0,1,2653.5,1
1,25,"Mendonca, Leon Luke","Esipenko, Andrey",35028561,24175439,2615,2687,1/2-1/2,0.5,0.5,1,31,0.0,0.0,0.0,0.0,1,2651.0,1
1,26,"Sarana, Alexey","Xu, Xiangyu",24133795,8608288,2686,2615,1/2-1/2,0.5,0.5,1,22,0.0,0.0,0.0,0.0,1,2650.5,1
1,27,"Najer, Evgeniy","Eljanov, Pavel",4118987,14102951,2613,2682,1/2-1/2,0.5,0.5,1,54,0.0,0.0,0.0,0.0,1,2647.5,0
1,28,"Yakubboev, Nodirbek","Mishra, Abhimanyu",14203987,30920019,2681,2611,1/2-1/2,0.5,0.5,1,31,0.0,0.0,0.0,0.0,1,2646.0,1
1,29,"Maurizzi, Marcandria","Deac, Bogdan-Daniel",36083534,1226380,2610,2674,1/2-1/2,0.5,0.5,1,31,0.0,0.0,0.0,0.0,1,2642.0,1
1,30,"Robson, Ray","Lagarde, Maxime",2023970,662399,2674,2609,1/2-1/2,0.5,0.5,1,32,0.0,0.0,0.0,0.0,1,2641.5,1
1,31,"Matlakov, Maxim","Tabatabaei, M. Amin",4168003,12521213,2609,2673,1/2-1/2,0.5,0.5,1,30,0.0,0.0,0.0,0.0,1,2641.0,1
1,32,"Bluebaum, Matthias","Predke, Alexandr",24651516,24107581,2671,2609,1/2-1/2,0.5,0.5,1,31,0.0,0.0,0.0,0.0,1,2640.0,1
1,33,"Ivanchuk, Vasyl","Murzin, Volodar",14100010,44155573,2608,2670,1/2-1/2,0.5,0.5,1,43,0.0,0.0,0.0,0.0,1,2639.0,0
1,34,"Shankland, Sam","Wagner, Dennis",2004887,24650684,2670,2608,1-0,1.0,0.0,0,49,0.0,0.0,0.0,0.0,1,2639.0,0
1,35,"Suleymanli, Aydin","Karthikeyan, Murali",13413937,5074452,2602,2669,1-0,1.0,0.0,0,40,0.0,0.0,0.0,0.0,1,2635.5,0
1,36,"Vitiugov, Nikita","Kuzubov, Yuriy",4152956,14112906,2666,2600,1/2-1/2,0.5,0.5,1,31,0.0,0.0,0.0,0.0,1,2633.0,1
1,37,"Daneshvar, Bardiya","Artemiev, Vladislav",12576468,24101605,2598,2664,1/2-1/2,0.5,0.5,1,38,0.0,0.0,0.0,0.0,1,2631.0,0
1,38,"Wojtaszek, Radoslaw","Pranav, V",1118358,25060783,2661,2596,1/2-1/2,0.5,0.5,1,22,0.0,0.0,0.0,0.0,1,2628.5,1
1,39,"Henriquez Villagra, Cristobal","Oparin, Grigoriy",3409350,24125890,2594,2660,1/2-1/2,0.5,0.5,1,30,0.0,0.0,0.0,0.0,1,2627.0,1
1,40,"Sadhwani, Raunak","Moussard, Jules",35093487,642908,2658,2591,1/2-1/2,0.5,0.5,1,31,0.0,0.0,0.0,0.0,1,2624.5,1
1,41,"Narayanan, S","Grischuk, Alexander",5058422,4126025,2591,2657,1/2-1/2,0.5,0.5,1,30,0.0,0.0,0.0,0.0,1,2624.0,1
1,42,"Saric, Ivan","Warmerdam, Max",14508150,1048104,2655,2591,1/2-1/2,0.5,0.5,1,28,0.0,0.0,0.0,0.0,1,2623.0,1
1,43,"Gumularz, Szymon","Sargsyan, Shant",1188062,13306766,2590,2653,1/2-1/2,0.5,0.5,1,67,0.0,0.0,0.0,0.0,1,2621.5,0
1,44,"Gelfand, Boris","Jobava, Baadur",2805677,13601520,2652,2590,1-0,1.0,0.0,0,23,0.0,0.0,0.0,0.0,1,2621.0,0
1,45,"Muradli, Mahammad","Bjerre, Jonas Buhl",13409301,1444948,2590,2651,1/2-1/2,0.5,0.5,1,62,0.0,0.0,0.0,0.0,1,2620.5,0
1,46,"Mamedov, Rauf","Aditya, Mittal",13401653,35042025,2651,2589,1/2-1/2,0.5,0.5,1,59,0.0,0.0,0.0,0.0,1,2620.0,0
1,47,"Zemlyanskii, Ivan","Indjic, Aleksandar",24249971,911925,2586,2650,1-0,1.0,0.0,0,67,0.0,0.0,0.0,0.0,1,2618.0,0
1,48,"Grandelius, Nils","Bartel, Mateusz",1710400,1112635,2648,2581,1/2-1/2,0.5,0.5,1,43,0.0,0.0,0.0,0.0,1,2614.5,0
1,49,"Madaminov, Mukhiddin","Yuffa, Daniil",14210703,24131423,2560,2648,1/2-1/2,0.5,0.5,1,54,0.0,0.0,0.0,0.0,1,2604.0,0
1,50,"Kollars, Dmitrij","Woodward, Andy",12909572,30953499,2647,2557,1/2-1/2,0.5,0.5,1,60,0.0,0.0,0.0,0.0,1,2602.0,0
1,51,"Samunenkov, Ihor","Lu, Shanglei",14187086,8603332,2550,2647,1/2-1/2,0.5,0.5,1,34,0.0,0.0,0.0,0.0,1,2598.5,1
1,52,"Erdogmus, Yagiz Kaan","Goryachkina, Aleksandra",44599790,4147103,2646,2528,1-0,1.0,0.0,0,47,0.0,0.0,0.0,0.0,1,2587.0,0
1,53,"Vakhidov, Jakhongir","Theodorou, Nikolas",14201801,4262875,2521,2646,1/2-1/2,0.5,0.5,1,42,0.0,0.0,0.0,0.0,1,2583.5,0
1,54,"Rodshtein, Maxim","Abdisalimov, Abdimalik",2806851,14206323,2645,2488,1-0,1.0,0.0,0,66,0.0,0.0,0.0,0.0,1,2566.5,0
1,55,"Nigmatov, Ortik","Vokhidov, Shamsiddin",14202131,14204223,2488,2645,1/2-1/2,0.5,0.5,1,32,0.0,0.0,0.0,0.0,1,2566.5,1
1,56,"Svane, Frederik","Suyarov, Mukhammadzokhid",12923044,14210495,2643,2482,1-0,1.0,0.0,0,46,0.0,0.0,0.0,0.0,1,2562.5,0
1,57,"Divya, Deshmukh","Puranik, Abhimanyu",35006916,5061245,2478,2640,0-1,0.0,1.0,0,51,0.0,0.0,0.0,0.0,1,2559.0,0
1,58,"Salem, A.R. Saleh","Olisa, Tennyson Ewomazino",9301348,8511390,2640,2287,1-0,1.0,0.0,0,29,0.0,0.0,0.0,0.0,1,2463.5,0
2,1,"Gukesh, D","Erdogmus, Yagiz Kaan",46616543,44599790,2767,2646,1/2-1/2,0.5,0.5,1,46,0.0,0.0,1.0,1.0,1,2706.5,0
2,2,"Rodshtein, Maxim","Firouzja, Alireza",2806851,12573981,2645,2754,0-1,0.0,1.0,0,51,0.0,0.0,1.0,1.0,1,2699.5,0
2,3,"Svane, Frederik","Abdusattorov, Nodirbek",12923044,14204118,2643,2748,1/2-1/2,0.5,0.5,1,50,0.0,0.0,1.0,1.0,1,2695.5,0
2,4,"Giri, Anish","Salem, A.R. Saleh",24116068,9301348,2746,2640,1/2-1/2,0.5,0.5,1,45,0.0,0.0,1.0,1.0,1,2693.0,0
2,5,"Puranik, Abhimanyu","Vidit, Santosh Gujrathi",5061245,5029465,2640,2712,1/2-1/2,0.5,0.5,1,38,0.0,0.0,1.0,1.0,1,2676.0,0
2,6,"Maghsoodloo, Parham","Anton Guijarro, David",12539929,2285525,2692,2625,1-0,1.0,0.0,0,32,0.0,0.0,1.0,1.0,1,2658.5,0
2,7,"Demchenko, Anton","Shankland, Sam",4160258,2004887,2620,2670,1-0,1.0,0.0,0,52,0.0,0.0,1.0,1.0,1,2645.0,0
2,8,"Suleymanli, Aydin","Gelfand, Boris",13413937,2805677,2602,2652,1/2-1/2,0.5,0.5,1,36,0.0,0.0,1.0,1.0,1,2627.0,0
2,9,"Praggnanandhaa, R","Zemlyanskii, Ivan",25059530,24249971,2785,2586,1-0,1.0,0.0,0,33,0.5,0.0,0.5,1.0,1,2685.5,0
2,10,"Martirosyan, Haik M.","Erigaisi, Arjun",13306553,35009192,2628,2771,0-1,0.0,1.0,0,54,0.5,0.5,0.5,0.5,1,2699.5,0
2,11,"Keymer, Vincent","Xiong, Jeffery",12940690,2047640,2751,2640,1-0,1.0,0.0,0,54,0.5,0.5,0.5,0.5,1,2695.5,0
2,12,"Chigaev, Maksim","Aronian, Levon",4108116,13300474,2638,2744,1/2-1/2,0.5,0.5,1,30,0.5,0.5,0.5,0.5,1,2691.0,1
2,13,"Nepomniachtchi, Ian","Gurel, Ediz",4168119,44507356,2742,2631,1-0,1.0,0.0,0,58,0.5,0.5,0.5,0.5,1,2686.5,0
2,14,"Sargissian, Gabriel","Mamedyarov, Shakhriyar",13300881,13401319,2626,2741,1/2-1/2,0.5,0.5,1,47,0.5,0.5,0.5,0.5,1,2683.5,0
2,15,"Vachier-Lagrave, Maxime","Volokitin, Andrei",623539,14107090,2738,2628,1-0,1.0,0.0,0,28,0.5,0.5,0.5,0.5,1,2683.0,0
2,16,"Cheparinov, Ivan","Niemann, Hans Moke",2905540,2093596,2627,2733,1/2-1/2,0.5,0.5,1,31,0.5,0.5,0.5,0.5,1,2680.0,1
2,17,"Svane, Rasmus","Sindarov, Javokhir",4657101,14205483,2620,2722,1/2-1/2,0.5,0.5,1,32,0.5,0.5,0.5,0.5,1,2671.0,1
2,18,"Yu, Yangyi","Sjugirov, Sanan",8603820,4189302,2714,2627,1-0,1.0,0.0,0,80,0.5,0.5,0.5,0.5,1,2670.5,0
2,19,"Rapport, Richard","Dardha, Daniel",738590,240990,2711,2624,1-0,1.0,0.0,0,58,0.5,0.5,0.5,0.5,1,2667.5,0
2,20,"Liang, Awonder","Ponomariov, Ruslan",2056437,14103320,2698,2622,1/2-1/2,0.5,0.5,1,68,0.5,0.5,0.5,0.5,1,2660.0,0
2,21,"Hakobyan, Aram","Nihal, Sarin",13306677,25092340,2625,2693,0-1,0.0,1.0,0,38,0.5,0.5,0.5,0.5,1,2659.0,0
2,22,"Shirov, Alexei","Sevian, Samuel",2209390,2040506,2616,2692,1/2-1/2,0.5,0.5,1,34,0.5,0.5,0.5,0.5,1,2654.0,1
2,23,"Van Foreest, Jorden","Santos Latasa, Jaime",1039784,2293307,2692,2620,1/2-1/2,0.5,0.5,1,33,0.5,0.5,0.5,0.5,1,2656.0,1
2,24,"Hammer, Jon Ludvig","Dubov, Daniil",1503707,24126055,2618,2691,1/2-1/2,0.5,0.5,1,19,0.5,0.5,0.5,0.5,1,2654.5,1
2,25,"Esipenko, Andrey","Korobov, Anton",24175439,14105730,2687,2616,1-0,1.0,0.0,0,56,0.5,0.5,0.5,0.5,1,2651.5,0
2,26,"Mishra, Abhimanyu","Sarana, Alexey",30920019,24133795,2611,2686,1-0,1.0,0.0,0,45,0.5,0.5,0.5,0.5,1,2648.5,0
2,27,"Eljanov, Pavel","Mendonca, Leon Luke",14102951,35028561,2682,2615,0-1,0.0,1.0,0,36,0.5,0.5,0.5,0.5,1,2648.5,0
2,28,"Xu, Xiangyu","Yakubboev, Nodirbek",8608288,14203987,2615,2681,0-1,0.0,1.0,0,29,0.5,0.5,0.5,0.5,1,2648.0,0
2,29,"Deac, Bogdan-Daniel","Najer, Evgeniy",1226380,4118987,2674,2613,1/2-1/2,0.5,0.5,1,50,0.5,0.5,0.5,0.5,1,2643.5,0
2,30,"Predke, Alexandr","Robson, Ray",24107581,2023970,2609,2674,1-0,1.0,0.0,0,63,0.5,0.5,0.5,0.5,1,2641.5,0
2,31,"Tabatabaei, M. Amin","Maurizzi, Marcandria",12521213,36083534,2673,2610,1/2-1/2,0.5,0.5,1,45,0.5,0.5,0.5,0.5,1,2641.5,0
2,32,"Lagarde, Maxime","Bluebaum, Matthias",662399,24651516,2609,2671,1/2-1/2,0.5,0.5,1,30,0.5,0.5,0.5,0.5,1,2640.0,1
2,33,"Murzin, Volodar","Matlakov, Maxim",44155573,4168003,2670,2609,1/2-1/2,0.5,0.5,1,49,0.5,0.5,0.5,0.5,1,2639.5,0
2,34,"Pranav, V","Vitiugov, Nikita",25060783,4152956,2596,2666,1/2-1/2,0.5,0.5,1,40,0.5,0.5,0.5,0.5,1,2631.0,0
2,35,"Artemiev, Vladislav","Ivanchuk, Vasyl",24101605,14100010,2664,2608,1/2-1/2,0.5,0.5,1,84,0.5,0.5,0.5,0.5,1,2636.0,0
2,36,"Kuzubov, Yuriy","Wojtaszek, Radoslaw",14112906,1118358,2600,2661,1-0,1.0,0.0,0,60,0.5,0.5,0.5,0.5,1,2630.5,0
2,37,"Oparin, Grigoriy","Daneshvar, Bardiya",24125890,12576468,2660,2598,1-0,1.0,0.0,0,74,0.5,0.5,0.5,0.5,1,2629.0,0
2,38,"Warmerdam, Max","Sadhwani, Raunak",1048104,35093487,2591,2658,1/2-1/2,0.5,0.5,1,30,0.5,0.5,0.5,0.5,1,2624.5,1
2,39,"Grischuk, Alexander","Henriquez Villagra, Cristobal",4126025,3409350,2657,2594,0-1,0.0,1.0,0,44,0.5,0.5,0.5,0.5,1,2625.5,0
2,40,"Moussard, Jules","Saric, Ivan",642908,14508150,2591,2655,1-0,1.0,0.0,0,38,0.5,0.5,0.5,0.5,1,2623.0,0
2,41,"Sargsyan, Shant","Narayanan, S",13306766,5058422,2653,2591,1/2-1/2,0.5,0.5,1,23,0.5,0.5,0.5,0.5,1,2622.0,1
2,42,"Bjerre, Jonas Buhl","Gumularz, Szymon",1444948,1188062,2651,2590,0-1,0.0,1.0,0,33,0.5,0.5,0.5,0.5,1,2620.5,0
2,43,"Bartel, Mateusz","Mamedov, Rauf",1112635,13401653,2581,2651,1-0,1.0,0.0,0,78,0.5,0.5,0.5,0.5,1,2616.0,0
2,44,"Woodward, Andy","Grandelius, Nils",30953499,1710400,2557,2648,1/2-1/2,0.5,0.5,1,80,0.5,0.5,0.5,0.5,1,2602.5,0
2,45,"Yuffa, Daniil","Muradli, Mahammad",24131423,13409301,2648,2590,1-0,1.0,0.0,0,43,0.5,0.5,0.5,0.5,1,2619.0,0
2,46,"Aditya, Mittal","Kollars, Dmitrij",35042025,12909572,2589,2647,1/2-1/2,0.5,0.5,1,112,0.5,0.5,0.5,0.5,1,2618.0,0
2,47,"Lu, Shanglei","Madaminov, Mukhiddin",8603332,14210703,2647,2560,1/2-1/2,0.5,0.5,1,59,0.5,0.5,0.5,0.5,1,2603.5,0
2,48,"Theodorou, Nikolas","Samunenkov, Ihor",4262875,14187086,2646,2550,1/2-1/2,0.5,0.5,1,37,0.5,0.5,0.5,0.5,1,2598.0,0
2,49,"Vokhidov, Shamsiddin","Vakhidov, Jakhongir",14204223,14201801,2645,2521,1/2-1/2,0.5,0.5,1,30,0.5,0.5,0.5,0.5,1,2583.0,1
2,50,"Fedoseev, Vladimir","Nigmatov, Ortik",24130737,14202131,2731,2488,1-0,1.0,0.0,0,45,1.0,0.5,0.0,0.5,0,2609.5,0
2,51,"Wagner, Dennis","Harikrishna, Pentala",24650684,5007003,2608,2704,1/2-1/2,0.5,0.5,1,30,1.0,1.0,0.0,0.0,0,2656.0,1
2,52,"Karthikeyan, Murali","Aryan, Chopra",5074452,5084423,2669,2619,0-1,0.0,1.0,0,35,1.0,1.0,0.0,0.0,0,2644.0,0
2,53,"Indjic, Aleksandar","Jobava, Baadur",911925,13601520,2650,2590,1/2-1/2,0.5,0.5,1,33,1.0,1.0,0.0,0.0,0,2620.0,1
2,54,"Goryachkina, Aleksandra","Bacrot, Etienne",4147103,605506,2528,2637,1/2-1/2,0.5,0.5,1,31,1.0,1.0,0.0,0.0,0,2582.5,1
2,55,"Amin, Bassem","Abdisalimov, Abdimalik",10601457,14206323,2636,2488,1-0,1.0,0.0,0,77,1.0,1.0,0.0,0.0,0,2562.0,0
2,56,"Ivic, Velimir","Suyarov, Mukhammadzokhid",950122,14210495,2630,2482,1/2-1/2,0.5,0.5,1,39,1.0,1.0,0.0,0.0,0,2556.0,0
2,57,"Donchenko, Alexander","Divya, Deshmukh",24603295,35006916,2624,2478,1/2-1/2,0.5,0.5,1,41,1.0,1.0,0.0,0.0,0,2551.0,0
2,58,"Olisa, Tennyson Ewomazino","Hovhannisyan, Robert",8511390,13302507,2287,2629,0-1,0.0,1.0,0,32,1.0,1.0,0.0,0.0,0,2458.0,0
3,1,"Firouzja, Alireza","Maghsoodloo, Parham",12573981,12539929,2754,2692,0-1,0.0,1.0,0,51,0.0,0.0,2.0,2.0,1,2723.0,0
3,2,"Erigaisi, Arjun","Demchenko, Anton",35009192,4160258,2771,2620,1-0,1.0,0.0,0,65,0.5,0.0,1.5,2.0,1,2695.5,0
3,3,"Gelfand, Boris","Praggnanandhaa, R",2805677,25059530,2652,2785,0-1,0.0,1.0,0,65,0.5,0.5,1.5,1.5,1,2718.5,0
3,4,"Yuffa, Daniil","Gukesh, D",24131423,46616543,2648,2767,0-1,0.0,1.0,0,35,0.5,0.5,1.5,1.5,1,2707.5,0
3,5,"Erdogmus, Yagiz Kaan","Keymer, Vincent",44599790,12940690,2646,2751,1/2-1/2,0.5,0.5,1,74,0.5,0.5,1.5,1.5,1,2698.5,0
3,6,"Abdusattorov, Nodirbek","Puranik, Abhimanyu",14204118,5061245,2748,2640,1-0,1.0,0.0,0,82,0.5,0.5,1.5,1.5,1,2694.0,0
3,7,"Giri, Anish","Svane, Frederik",24116068,12923044,2746,2643,1/2-1/2,0.5,0.5,1,28,0.5,0.5,1.5,1.5,1,2694.5,1
3,8,"Salem, A.R. Saleh","Nepomniachtchi, Ian",9301348,4168119,2640,2742,1/2-1/2,0.5,0.5,1,32,0.5,0.5,1.5,1.5,1,2691.0,1
3,9,"Mendonca, Leon Luke","Vachier-Lagrave, Maxime",35028561,623539,2615,2738,1/2-1/2,0.5,0.5,1,30,0.5,0.5,1.5,1.5,1,2676.5,1
3,10,"Mishra, Abhimanyu","Yu, Yangyi",30920019,8603820,2611,2714,1-0,1.0,0.0,0,92,0.5,0.5,1.5,1.5,1,2662.5,0
3,11,"Vidit, Santosh Gujrathi","Predke, Alexandr",5029465,24107581,2712,2609,1/2-1/2,0.5,0.5,1,30,0.5,0.5,1.5,1.5,1,2660.5,1
3,12,"Rapport, Richard","Suleymanli, Aydin",738590,13413937,2711,2602,1/2-1/2,0.5,0.5,1,23,0.5,0.5,1.5,1.5,1,2656.5,1
3,13,"Nihal, Sarin","Kuzubov, Yuriy",25092340,14112906,2693,2600,1/2-1/2,0.5,0.5,1,60,0.5,0.5,1.5,1.5,1,2646.5,0
3,14,"Henriquez Villagra, Cristobal","Esipenko, Andrey",3409350,24175439,2594,2687,1/2-1/2,0.5,0.5,1,30,0.5,0.5,1.5,1.5,1,2640.5,1
3,15,"Yakubboev, Nodirbek","Moussard, Jules",14203987,642908,2681,2591,1/2-1/2,0.5,0.5,1,47,0.5,0.5,1.5,1.5,1,2636.0,0
3,16,"Gumularz, Szymon","Oparin, Grigoriy",1188062,24125890,2590,2660,1-0,1.0,0.0,0,55,0.5,0.5,1.5,1.5,1,2625.0,0
3,17,"Aronian, Levon","Bartel, Mateusz",13300474,1112635,2744,2581,1-0,1.0,0.0,0,44,1.0,0.5,1.0,1.5,0,2662.5,0
3,18,"Mamedyarov, Shakhriyar","Amin, Bassem",13401319,10601457,2741,2636,1-0,1.0,0.0,0,41,1.0,1.0,1.0,1.0,0,2688.5,0
3,19,"Niemann, Hans Moke","Svane, Rasmus",2093596,4657101,2733,2620,1-0,1.0,0.0,0,75,1.0,1.0,1.0,1.0,0,2676.5,0
3,20,"Hovhannisyan, Robert","Fedoseev, Vladimir",13302507,24130737,2629,2731,1-0,1.0,0.0,0,68,1.0,1.0,1.0,1.0,0,2680.0,0
3,21,"Sindarov, Javokhir","Cheparinov, Ivan",14205483,2905540,2722,2627,0-1,0.0,1.0,0,60,1.0,1.0,1.0,1.0,0,2674.5,0
3,22,"Anton Guijarro, David","Liang, Awonder",2285525,2056437,2625,2698,1/2-1/2,0.5,0.5,1,31,1.0,1.0,1.0,1.0,0,2661.5,1
3,23,"Sevian, Samuel","Sargissian, Gabriel",2040506,13300881,2692,2626,1/2-1/2,0.5,0.5,1,51,1.0,1.0,1.0,1.0,0,2659.0,0
3,24,"Ponomariov, Ruslan","Van Foreest, Jorden",14103320,1039784,2622,2692,1/2-1/2,0.5,0.5,1,41,1.0,1.0,1.0,1.0,0,2657.0,0
3,25,"Dubov, Daniil","Lagarde, Maxime",24126055,662399,2691,2609,1/2-1/2,0.5,0.5,1,54,1.0,1.0,1.0,1.0,0,2650.0,0
3,26,"Santos Latasa, Jaime","Deac, Bogdan-Daniel",2293307,1226380,2620,2674,1/2-1/2,0.5,0.5,1,33,1.0,1.0,1.0,1.0,0,2647.0,1
3,27,"Aryan, Chopra","Tabatabaei, M. Amin",5084423,12521213,2619,2673,1/2-1/2,0.5,0.5,1,41,1.0,1.0,1.0,1.0,0,2646.0,0
3,28,"Bluebaum, Matthias","Hammer, Jon Ludvig",24651516,1503707,2671,2618,1-0,1.0,0.0,0,24,1.0,1.0,1.0,1.0,0,2644.5,0
3,29,"Najer, Evgeniy","Murzin, Volodar",4118987,44155573,2613,2670,1/2-1/2,0.5,0.5,1,31,1.0,1.0,1.0,1.0,0,2641.5,1
3,30,"Shankland, Sam","Shirov, Alexei",2004887,2209390,2670,2616,1/2-1/2,0.5,0.5,1,60,1.0,1.0,1.0,1.0,0,2643.0,0
3,31,"Vitiugov, Nikita","Warmerdam, Max",4152956,1048104,2666,2591,1-0,1.0,0.0,0,41,1.0,1.0,1.0,1.0,0,2628.5,0
3,32,"Maurizzi, Marcandria","Artemiev, Vladislav",36083534,24101605,2610,2664,1-0,1.0,0.0,0,28,1.0,1.0,1.0,1.0,0,2637.0,0
3,33,"Sadhwani, Raunak","Woodward, Andy",35093487,30953499,2658,2557,0-1,0.0,1.0,0,39,1.0,1.0,1.0,1.0,0,2607.5,0
3,34,"Matlakov, Maxim","Sargsyan, Shant",4168003,13306766,2609,2653,1/2-1/2,0.5,0.5,1,30,1.0,1.0,1.0,1.0,0,2631.0,1
3,35,"Grandelius, Nils","Aditya, Mittal",1710400,35042025,2648,2589,0-1,0.0,1.0,0,49,1.0,1.0,1.0,1.0,0,2618.5,0
3,36,"Kollars, Dmitrij","Pranav, V",12909572,25060783,2647,2596,0-1,0.0,1.0,0,55,1.0,1.0,1.0,1.0,0,2621.5,0
3,37,"Ivanchuk, Vasyl","Lu, Shanglei",14100010,8603332,2608,2647,1-0,1.0,0.0,0,50,1.0,1.0,1.0,1.0,0,2627.5,0
3,38,"Narayanan, S","Theodorou, Nikolas",5058422,4262875,2591,2646,1/2-1/2,0.5,0.5,1,32,1.0,1.0,1.0,1.0,0,2618.5,1
3,39,"Zemlyanskii, Ivan","Rodshtein, Maxim",24249971,2806851,2586,2645,0-1,0.0,1.0,0,46,1.0,1.0,1.0,1.0,0,2615.5,0
3,40,"Madaminov, Mukhiddin","Vokhidov, Shamsiddin",14210703,14204223,2560,2645,1/2-1/2,0.5,0.5,1,35,1.0,1.0,1.0,1.0,0,2602.5,1
3,41,"Samunenkov, Ihor","Chigaev, Maksim",14187086,4108116,2550,2638,1/2-1/2,0.5,0.5,1,36,1.0,1.0,1.0,1.0,0,2594.0,0
3,42,"Vakhidov, Jakhongir","Harikrishna, Pentala",14201801,5007003,2521,2704,0-1,0.0,1.0,0,61,1.0,1.5,1.0,0.5,0,2612.5,0
3,43,"Sarana, Alexey","Volokitin, Andrei",24133795,14107090,2686,2628,0-1,0.0,1.0,0,57,1.5,1.5,0.5,0.5,0,2657.0,0
3,44,"Sjugirov, Sanan","Eljanov, Pavel",4189302,14102951,2627,2682,0-1,0.0,1.0,0,41,1.5,1.5,0.5,0.5,0,2654.5,0
3,45,"Robson, Ray","Hakobyan, Aram",2023970,13306677,2674,2625,1/2-1/2,0.5,0.5,1,32,1.5,1.5,0.5,0.5,0,2649.5,1
3,46,"Wojtaszek, Radoslaw","Dardha, Daniel",1118358,240990,2661,2624,1/2-1/2,0.5,0.5,1,30,1.5,1.5,0.5,0.5,0,2642.5,1
3,47,"Korobov, Anton","Grischuk, Alexander",14105730,4126025,2616,2657,1/2-1/2,0.5,0.5,1,31,1.5,1.5,0.5,0.5,0,2636.5,1
3,48,"Saric, Ivan","Donchenko, Alexander",14508150,24603295,2655,2624,1/2-1/2,0.5,0.5,1,47,1.5,1.5,0.5,0.5,0,2639.5,0
3,49,"Daneshvar, Bardiya","Bjerre, Jonas Buhl",12576468,1444948,2598,2651,1/2-1/2,0.5,0.5,1,87,1.5,1.5,0.5,0.5,0,2624.5,0
3,50,"Mamedov, Rauf","Xu, Xiangyu",13401653,8608288,2651,2615,1-0,1.0,0.0,0,46,1.5,1.5,0.5,0.5,0,2633.0,0
3,51,"Muradli, Mahammad","Indjic, Aleksandar",13409301,911925,2590,2650,1/2-1/2,0.5,0.5,1,40,1.5,1.5,0.5,0.5,0,2620.0,0
3,52,"Xiong, Jeffery","Wagner, Dennis",2047640,24650684,2640,2608,1-0,1.0,0.0,0,41,1.5,1.5,0.5,0.5,0,2624.0,0
3,53,"Jobava, Baadur","Bacrot, Etienne",13601520,605506,2590,2637,1/2-1/2,0.5,0.5,1,39,1.5,1.5,0.5,0.5,0,2613.5,0
3,54,"Gurel, Ediz","Goryachkina, Aleksandra",44507356,4147103,2631,2528,1/2-1/2,0.5,0.5,1,95,1.5,1.5,0.5,0.5,0,2579.5,0
3,55,"Nigmatov, Ortik","Ivic, Velimir",14202131,950122,2488,2630,1-0,1.0,0.0,0,39,1.5,1.5,0.5,0.5,0,2559.0,0
3,56,"Suyarov, Mukhammadzokhid","Martirosyan, Haik M.",14210495,13306553,2482,2628,1/2-1/2,0.5,0.5,1,61,1.5,1.5,0.5,0.5,0,2555.0,0
3,57,"Divya, Deshmukh","Karthikeyan, Murali",35006916,5074452,2478,2669,1/2-1/2,0.5,0.5,1,101,1.5,2.0,0.5,0.0,0,2573.5,0
3,58,"Abdisalimov, Abdimalik","Olisa, Tennyson Ewomazino",14206323,8511390,2488,2287,1/2-1/2,0.5,0.5,1,47,2.0,2.0,0.0,0.0,0,2387.5,0
4,1,"Maghsoodloo, Parham","Abdusattorov, Nodirbek",12539929,14204118,2692,2748,1/2-1/2,0.5,0.5,1,56,0.0,0.5,3.0,2.5,1,2720.0,0
4,2,"Praggnanandhaa, R","Mishra, Abhimanyu",25059530,30920019,2785,2611,1/2-1/2,0.5,0.5,1,57,0.5,0.5,2.5,2.5,1,2698.0,0
4,3,"Gukesh, D","Erigaisi, Arjun",46616543,35009192,2767,2771,1/2-1/2,0.5,0.5,1,46,0.5,0.5,2.5,2.5,1,2769.0,0
4,4,"Firouzja, Alireza","Gumularz, Szymon",12573981,1188062,2754,2590,1/2-1/2,0.5,0.5,1,25,1.0,0.5,2.0,2.5,0,2672.0,1
4,5,"Keymer, Vincent","Svane, Frederik",12940690,12923044,2751,2643,1-0,1.0,0.0,0,72,1.0,1.0,2.0,2.0,0,2697.0,0
4,6,"Cheparinov, Ivan","Giri, Anish",2905540,24116068,2627,2746,1/2-1/2,0.5,0.5,1,32,1.0,1.0,2.0,2.0,0,2686.5,1
4,7,"Salem, A.R. Saleh","Aronian, Levon",9301348,13300474,2640,2744,1/2-1/2,0.5,0.5,1,32,1.0,1.0,2.0,2.0,0,2692.0,1
4,8,"Nepomniachtchi, Ian","Hovhannisyan, Robert",4168119,13302507,2742,2629,1/2-1/2,0.5,0.5,1,39,1.0,1.0,2.0,2.0,0,2685.5,0
4,9,"Demchenko, Anton","Mamedyarov, Shakhriyar",4160258,13401319,2620,2741,1/2-1/2,0.5,0.5,1,36,1.0,1.0,2.0,2.0,0,2680.5,0
4,10,"Vachier-Lagrave, Maxime","Maurizzi, Marcandria",623539,36083534,2738,2610,0-1,0.0,1.0,0,38,1.0,1.0,2.0,2.0,0,2674.0,0
4,11,"Mendonca, Leon Luke","Niemann, Hans Moke",35028561,2093596,2615,2733,1/2-1/2,0.5,0.5,1,58,1.0,1.0,2.0,2.0,0,2674.0,0
4,12,"Ivanchuk, Vasyl","Vidit, Santosh Gujrathi",14100010,5029465,2608,2712,1/2-1/2,0.5,0.5,1,68,1.0,1.0,2.0,2.0,0,2660.0,0
4,13,"Predke, Alexandr","Rapport, Richard",24107581,738590,2609,2711,0-1,0.0,1.0,0,32,1.0,1.0,2.0,2.0,0,2660.0,0
4,14,"Pranav, V","Nihal, Sarin",25060783,25092340,2596,2693,1/2-1/2,0.5,0.5,1,77,1.0,1.0,2.0,2.0,0,2644.5,0
4,15,"Esipenko, Andrey","Suleymanli, Aydin",24175439,13413937,2687,2602,1/2-1/2,0.5,0.5,1,31,1.0,1.0,2.0,2.0,0,2644.5,1
4,16,"Kuzubov, Yuriy","Yakubboev, Nodirbek",14112906,14203987,2600,2681,0-1,0.0,1.0,0,40,1.0,1.0,2.0,2.0,0,2640.5,0
4,17,"Henriquez Villagra, Cristobal","Bluebaum, Matthias",3409350,24651516,2594,2671,0-1,0.0,1.0,0,44,1.0,1.0,2.0,2.0,0,2632.5,0
4,18,"Moussard, Jules","Vitiugov, Nikita",642908,4152956,2591,2666,0-1,0.0,1.0,0,52,1.0,1.0,2.0,2.0,0,2628.5,0
4,19,"Aditya, Mittal","Erdogmus, Yagiz Kaan",35042025,44599790,2589,2646,0-1,0.0,1.0,0,42,1.0,1.0,2.0,2.0,0,2617.5,0
4,20,"Woodward, Andy","Rodshtein, Maxim",30953499,2806851,2557,2645,1/2-1/2,0.5,0.5,1,18,1.0,1.0,2.0,2.0,0,2601.0,1
4,21,"Yu, Yangyi","Puranik, Abhimanyu",8603820,5061245,2714,2640,1/2-1/2,0.5,0.5,1,41,1.5,1.5,1.5,1.5,0,2677.0,0
4,22,"Harikrishna, Pentala","Xiong, Jeffery",5007003,2047640,2704,2640,1/2-1/2,0.5,0.5,1,45,1.5,1.5,1.5,1.5,0,2672.0,0
4,23,"Liang, Awonder","Aryan, Chopra",2056437,5084423,2698,2619,1-0,1.0,0.0,0,54,1.5,1.5,1.5,1.5,0,2658.5,0
4,24,"Chigaev, Maksim","Sevian, Samuel",4108116,2040506,2638,2692,0-1,0.0,1.0,0,29,1.5,1.5,1.5,1.5,0,2665.0,0
4,25,"Van Foreest, Jorden","Anton Guijarro, David",1039784,2285525,2692,2625,1-0,1.0,0.0,0,58,1.5,1.5,1.5,1.5,0,2658.5,0
4,26,"Volokitin, Andrei","Dubov, Daniil",14107090,24126055,2628,2691,1/2-1/2,0.5,0.5,1,35,1.5,1.5,1.5,1.5,0,2659.5,1
4,27,"Eljanov, Pavel","Ponomariov, Ruslan",14102951,14103320,2682,2622,1/2-1/2,0.5,0.5,1,40,1.5,1.5,1.5,1.5,0,2652.0,0
4,28,"Deac, Bogdan-Daniel","Matlakov, Maxim",1226380,4168003,2674,2609,1/2-1/2,0.5,0.5,1,30,1.5,1.5,1.5,1.5,0,2641.5,1
4,29,"Tabatabaei, M. Amin","Santos Latasa, Jaime",12521213,2293307,2673,2620,1-0,1.0,0.0,0,59,1.5,1.5,1.5,1.5,0,2646.5,0
4,30,"Murzin, Volodar","Narayanan, S",44155573,5058422,2670,2591,1/2-1/2,0.5,0.5,1,24,1.5,1.5,1.5,1.5,0,2630.5,1
4,31,"Sargissian, Gabriel","Shankland, Sam",13300881,2004887,2626,2670,0-1,0.0,1.0,0,52,1.5,1.5,1.5,1.5,0,2648.0,0
4,32,"Oparin, Grigoriy","Najer, Evgeniy",24125890,4118987,2660,2613,1-0,1.0,0.0,0,70,1.5,1.5,1.5,1.5,0,2636.5,0
4,33,"Sargsyan, Shant","Madaminov, Mukhiddin",13306766,14210703,2653,2560,1-0,1.0,0.0,0,58,1.5,1.5,1.5,1.5,0,2606.5,0
4,34,"Shirov, Alexei","Gelfand, Boris",2209390,2805677,2616,2652,1/2-1/2,0.5,0.5,1,31,1.5,1.5,1.5,1.5,0,2634.0,1
4,35,"Lagarde, Maxime","Mamedov, Rauf",662399,13401653,2609,2651,1/2-1/2,0.5,0.5,1,30,1.5,1.5,1.5,1.5,0,2630.0,1
4,36,"Bartel, Mateusz","Yuffa, Daniil",1112635,24131423,2581,2648,1/2-1/2,0.5,0.5,1,66,1.5,1.5,1.5,1.5,0,2614.5,0
4,37,"Theodorou, Nikolas","Nigmatov, Ortik",4262875,14202131,2646,2488,1-0,1.0,0.0,0,70,1.5,1.5,1.5,1.5,0,2567.0,0
4,38,"Vokhidov, Shamsiddin","Samunenkov, Ihor",14204223,14187086,2645,2550,1/2-1/2,0.5,0.5,1,56,1.5,1.5,1.5,1.5,0,2597.5,0
4,39,"Fedoseev, Vladimir","Martirosyan, Haik M.",24130737,13306553,2731,2628,1-0,1.0,0.0,0,61,2.0,2.0,1.0,1.0,0,2679.5,0
4,40,"Dardha, Daniel","Sindarov, Javokhir",240990,14205483,2624,2722,1/2-1/2,0.5,0.5,1,56,2.0,2.0,1.0,1.0,0,2673.0,0
4,41,"Donchenko, Alexander","Robson, Ray",24603295,2023970,2624,2674,1/2-1/2,0.5,0.5,1,27,2.0,2.0,1.0,1.0,0,2649.0,1
4,42,"Artemiev, Vladislav","Hakobyan, Aram",24101605,13306677,2664,2625,1/2-1/2,0.5,0.5,1,25,2.0,2.0,1.0,1.0,0,2644.5,1
4,43,"Svane, Rasmus","Wojtaszek, Radoslaw",4657101,1118358,2620,2661,1/2-1/2,0.5,0.5,1,30,2.0,2.0,1.0,1.0,0,2640.5,1
4,44,"Hammer, Jon Ludvig","Sadhwani, Raunak",1503707,35093487,2618,2658,0-1,0.0,1.0,0,41,2.0,2.0,1.0,1.0,0,2638.0,0
4,45,"Grischuk, Alexander","Daneshvar, Bardiya",4126025,12576468,2657,2598,1/2-1/2,0.5,0.5,1,36,2.0,2.0,1.0,1.0,0,2627.5,0
4,46,"Jobava, Baadur","Saric, Ivan",13601520,14508150,2590,2655,1/2-1/2,0.5,0.5,1,50,2.0,2.0,1.0,1.0,0,2622.5,0
4,47,"Bjerre, Jonas Buhl","Korobov, Anton",1444948,14105730,2651,2616,1-0,1.0,0.0,0,52,2.0,2.0,1.0,1.0,0,2633.5,0
4,48,"Indjic, Aleksandar","Vakhidov, Jakhongir",911925,14201801,2650,2521,1-0,1.0,0.0,0,38,2.0,2.0,1.0,1.0,0,2585.5,0
4,49,"Warmerdam, Max","Grandelius, Nils",1048104,1710400,2591,2648,1/2-1/2,0.5,0.5,1,34,2.0,2.0,1.0,1.0,0,2619.5,1
4,50,"Goryachkina, Aleksandra","Kollars, Dmitrij",4147103,12909572,2528,2647,1-0,1.0,0.0,0,45,2.0,2.0,1.0,1.0,0,2587.5,0
4,51,"Lu, Shanglei","Muradli, Mahammad",8603332,13409301,2647,2590,1-0,1.0,0.0,0,61,2.0,2.0,1.0,1.0,0,2618.5,0
4,52,"Bacrot, Etienne","Zemlyanskii, Ivan",605506,24249971,2637,2586,1/2-1/2,0.5,0.5,1,32,2.0,2.0,1.0,1.0,0,2611.5,1
4,53,"Suyarov, Mukhammadzokhid","Gurel, Ediz",14210495,44507356,2482,2631,1/2-1/2,0.5,0.5,1,32,2.0,2.0,1.0,1.0,0,2556.5,1
4,54,"Wagner, Dennis","Sarana, Alexey",24650684,24133795,2608,2686,1/2-1/2,0.5,0.5,1,35,2.5,2.5,0.5,0.5,0,2647.0,1
4,55,"Karthikeyan, Murali","Xu, Xiangyu",5074452,8608288,2669,2615,1/2-1/2,0.5,0.5,1,57,2.5,2.5,0.5,0.5,0,2642.0,0
4,56,"Ivic, Velimir","Abdisalimov, Abdimalik",950122,14206323,2630,2488,1-0,1.0,0.0,0,36,2.5,2.5,0.5,0.5,0,2559.0,0
4,57,"Amin, Bassem","Divya, Deshmukh",10601457,35006916,2636,2478,0-1,0.0,1.0,0,47,2.0,2.0,1.0,1.0,0,2557.0,0
4,58,"Olisa, Tennyson Ewomazino","Sjugirov, Sanan",8511390,4189302,2287,2627,0-1,0.0,1.0,0,50,2.5,2.5,0.5,0.5,0,2457.0,0
5,1,"Rapport, Richard","Maghsoodloo, Parham",738590,12539929,2711,2692,0-1,0.0,1.0,0,64,0.5,0.0,3.0,3.5,1,2701.5,0
5,2,"Bluebaum, Matthias","Praggnanandhaa, R",24651516,25059530,2671,2785,1-0,1.0,0.0,0,55,0.5,0.5,3.0,3.0,1,2728.0,0
5,3,"Erigaisi, Arjun","Vitiugov, Nikita",35009192,4152956,2771,2666,1-0,1.0,0.0,0,37,0.5,0.5,3.0,3.0,1,2718.5,0
5,4,"Mishra, Abhimanyu","Gukesh, D",30920019,46616543,2611,2767,1-0,1.0,0.0,0,61,0.5,0.5,3.0,3.0,1,2689.0,0
5,5,"Maurizzi, Marcandria","Keymer, Vincent",36083534,12940690,2610,2751,1-0,1.0,0.0,0,55,0.5,0.5,3.0,3.0,1,2680.5,0
5,6,"Abdusattorov, Nodirbek","Erdogmus, Yagiz Kaan",14204118,44599790,2748,2646,1/2-1/2,0.5,0.5,1,190,0.5,0.5,3.0,3.0,1,2697.0,0
5,7,"Yakubboev, Nodirbek","Gumularz, Szymon",14203987,1188062,2681,2590,1/2-1/2,0.5,0.5,1,38,0.5,0.5,3.0,3.0,1,2635.5,0
5,8,"Shankland, Sam","Firouzja, Alireza",2004887,12573981,2670,2754,0-1,0.0,1.0,0,50,1.0,1.0,2.5,2.5,0,2712.0,0
5,9,"Giri, Anish","Oparin, Grigoriy",24116068,24125890,2746,2660,1-0,1.0,0.0,0,83,1.0,1.0,2.5,2.5,0,2703.0,0
5,10,"Aronian, Levon","Sargsyan, Shant",13300474,13306766,2744,2653,1/2-1/2,0.5,0.5,1,31,1.0,1.0,2.5,2.5,0,2698.5,1
5,11,"Theodorou, Nikolas","Nepomniachtchi, Ian",4262875,4168119,2646,2742,1/2-1/2,0.5,0.5,1,51,1.0,1.0,2.5,2.5,0,2694.0,0
5,12,"Mamedyarov, Shakhriyar","Salem, A.R. Saleh",13401319,9301348,2741,2640,1-0,1.0,0.0,0,35,1.0,1.0,2.5,2.5,0,2690.5,0
5,13,"Niemann, Hans Moke","Demchenko, Anton",2093596,4160258,2733,2620,1/2-1/2,0.5,0.5,1,62,1.0,1.0,2.5,2.5,0,2676.5,0
5,14,"Vidit, Santosh Gujrathi","Cheparinov, Ivan",5029465,2905540,2712,2627,1/2-1/2,0.5,0.5,1,34,1.0,1.0,2.5,2.5,0,2669.5,1
5,15,"Rodshtein, Maxim","Liang, Awonder",2806851,2056437,2645,2698,1-0,1.0,0.0,0,62,1.0,1.0,2.5,2.5,0,2671.5,0
5,16,"Nihal, Sarin","Mendonca, Leon Luke",25092340,35028561,2693,2615,1-0,1.0,0.0,0,60,1.0,1.0,2.5,2.5,0,2654.0,0
5,17,"Sevian, Samuel","Ivanchuk, Vasyl",2040506,14100010,2692,2608,1/2-1/2,0.5,0.5,1,56,1.0,1.0,2.5,2.5,0,2650.0,0
5,18,"Hovhannisyan, Robert","Van Foreest, Jorden",13302507,1039784,2629,2692,1/2-1/2,0.5,0.5,1,40,1.0,1.0,2.5,2.5,0,2660.5,0
5,19,"Pranav, V","Esipenko, Andrey",25060783,24175439,2596,2687,1-0,1.0,0.0,0,98,1.0,1.0,2.5,2.5,0,2641.5,0
5,20,"Suleymanli, Aydin","Tabatabaei, M. Amin",13413937,12521213,2602,2673,0-1,0.0,1.0,0,57,1.0,1.0,2.5,2.5,0,2637.5,0
5,21,"Vachier-Lagrave, Maxime","Woodward, Andy",623539,30953499,2738,2557,1-0,1.0,0.0,0,48,1.5,1.0,2.0,2.5,0,2647.5,0
5,22,"Puranik, Abhimanyu","Fedoseev, Vladimir",5061245,24130737,2640,2731,1-0,1.0,0.0,0,49,1.5,1.5,2.0,2.0,0,2685.5,0
5,23,"Xiong, Jeffery","Yu, Yangyi",2047640,8603820,2640,2714,1/2-1/2,0.5,0.5,1,23,1.5,1.5,2.0,2.0,0,2677.0,1
5,24,"Volokitin, Andrei","Harikrishna, Pentala",14107090,5007003,2628,2704,1/2-1/2,0.5,0.5,1,31,1.5,1.5,2.0,2.0,0,2666.0,1
5,25,"Dubov, Daniil","Predke, Alexandr",24126055,24107581,2691,2609,1-0,1.0,0.0,0,75,1.5,1.5,2.0,2.0,0,2650.0,0
5,26,"Shirov, Alexei","Eljanov, Pavel",2209390,14102951,2616,2682,1-0,1.0,0.0,0,60,1.5,1.5,2.0,2.0,0,2649.0,0
5,27,"Ponomariov, Ruslan","Deac, Bogdan-Daniel",14103320,1226380,2622,2674,1/2-1/2,0.5,0.5,1,31,1.5,1.5,2.0,2.0,0,2648.0,1
5,28,"Lagarde, Maxime","Murzin, Volodar",662399,44155573,2609,2670,1/2-1/2,0.5,0.5,1,33,1.5,1.5,2.0,2.0,0,2639.5,1
5,29,"Sadhwani, Raunak","Kuzubov, Yuriy",35093487,14112906,2658,2600,1/2-1/2,0.5,0.5,1,42,1.5,1.5,2.0,2.0,0,2629.0,0
5,30,"Gelfand, Boris","Henriquez Villagra, Cristobal",2805677,3409350,2652,2594,1/2-1/2,0.5,0.5,1,30,1.5,1.5,2.0,2.0,0,2623.0,1
5,31,"Matlakov, Maxim","Bjerre, Jonas Buhl",4168003,1444948,2609,2651,1/2-1/2,0.5,0.5,1,32,1.5,1.5,2.0,2.0,0,2630.0,1
5,32,"Mamedov, Rauf","Moussard, Jules",13401653,642908,2651,2591,1-0,1.0,0.0,0,41,1.5,1.5,2.0,2.0,0,2621.0,0
5,33,"Samunenkov, Ihor","Indjic, Aleksandar",14187086,911925,2550,2650,1-0,1.0,0.0,0,73,1.5,1.5,2.0,2.0,0,2600.0,0
5,34,"Yuffa, Daniil","Aditya, Mittal",24131423,35042025,2648,2589,1/2-1/2,0.5,0.5,1,68,1.5,1.5,2.0,2.0,0,2618.5,0
5,35,"Narayanan, S","Lu, Shanglei",5058422,8603332,2591,2647,1/2-1/2,0.5,0.5,1,30,1.5,1.5,2.0,2.0,0,2619.0,1
5,36,"Svane, Frederik","Bartel, Mateusz",12923044,1112635,2643,2581,0-1,0.0,1.0,0,40,1.5,1.5,2.0,2.0,0,2612.0,0
5,37,"Sindarov, Javokhir","Goryachkina, Aleksandra",14205483,4147103,2722,2528,1-0,1.0,0.0,0,43,2.0,1.5,1.5,2.0,0,2625.0,0
5,38,"Robson, Ray","Dardha, Daniel",2023970,240990,2674,2624,1-0,1.0,0.0,0,36,2.0,2.0,1.5,1.5,0,2649.0,0
5,39,"Santos Latasa, Jaime","Artemiev, Vladislav",2293307,24101605,2620,2664,1/2-1/2,0.5,0.5,1,32,2.0,2.0,1.5,1.5,0,2642.0,1
5,40,"Hakobyan, Aram","Wojtaszek, Radoslaw",13306677,1118358,2625,2661,1/2-1/2,0.5,0.5,1,44,2.0,2.0,1.5,1.5,0,2643.0,0
5,41,"Aryan, Chopra","Grischuk, Alexander",5084423,4126025,2619,2657,1/2-1/2,0.5,0.5,1,125,2.0,2.0,1.5,1.5,0,2638.0,0
5,42,"Saric, Ivan","Svane, Rasmus",14508150,4657101,2655,2620,1-0,1.0,0.0,0,40,2.0,2.0,1.5,1.5,0,2637.5,0
5,43,"Grandelius, Nils","Donchenko, Alexander",1710400,24603295,2648,2624,1-0,1.0,0.0,0,43,2.0,2.0,1.5,1.5,0,2636.0,0
5,44,"Najer, Evgeniy","Chigaev, Maksim",4118987,4108116,2613,2638,1/2-1/2,0.5,0.5,1,40,2.0,2.0,1.5,1.5,0,2625.5,0
5,45,"Daneshvar, Bardiya","Bacrot, Etienne",12576468,605506,2598,2637,0-1,0.0,1.0,0,57,2.0,2.0,1.5,1.5,0,2617.5,0
5,46,"Gurel, Ediz","Warmerdam, Max",44507356,1048104,2631,2591,1-0,1.0,0.0,0,45,2.0,2.0,1.5,1.5,0,2611.0,0
5,47,"Zemlyanskii, Ivan","Ivic, Velimir",24249971,950122,2586,2630,1-0,1.0,0.0,0,34,2.0,2.0,1.5,1.5,0,2608.0,0
5,48,"Sjugirov, Sanan","Jobava, Baadur",4189302,13601520,2627,2590,1/2-1/2,0.5,0.5,1,40,2.0,2.0,1.5,1.5,0,2608.5,0
5,49,"Madaminov, Mukhiddin","Sargissian, Gabriel",14210703,13300881,2560,2626,1/2-1/2,0.5,0.5,1,42,2.0,2.0,1.5,1.5,0,2593.0,0
5,50,"Anton Guijarro, David","Suyarov, Mukhammadzokhid",2285525,14210495,2625,2482,1/2-1/2,0.5,0.5,1,69,2.0,2.0,1.5,1.5,0,2553.5,0
5,51,"Nigmatov, Ortik","Sarana, Alexey",14202131,24133795,2488,2686,1/2-1/2,0.5,0.5,1,95,2.0,2.5,1.5,1.0,0,2587.0,0
5,52,"Korobov, Anton","Karthikeyan, Murali",14105730,5074452,2616,2669,1-0,1.0,0.0,0,31,2.5,2.5,1.0,1.0,0,2642.5,0
5,53,"Kollars, Dmitrij","Hammer, Jon Ludvig",12909572,1503707,2647,2618,1-0,1.0,0.0,0,46,2.5,2.5,1.0,1.0,0,2632.5,0
5,54,"Vakhidov, Jakhongir","Amin, Bassem",14201801,10601457,2521,2636,1/2-1/2,0.5,0.5,1,23,2.5,2.5,1.0,1.0,0,2578.5,1
5,55,"Martirosyan, Haik M.","Wagner, Dennis",13306553,24650684,2628,2608,1-0,1.0,0.0,0,99,2.5,2.5,1.0,1.0,0,2618.0,0
5,56,"Xu, Xiangyu","Olisa, Tennyson Ewomazino",8608288,8511390,2615,2287,1-0,1.0,0.0,0,29,2.5,3.0,1.0,0.5,0,2451.0,0
5,57,"Divya, Deshmukh","Vokhidov, Shamsiddin",35006916,14204223,2478,2645,0-1,0.0,1.0,0,63,1.5,1.5,2.0,2.0,0,2561.5,0
5,58,"Abdisalimov, Abdimalik","Muradli, Mahammad",14206323,13409301,2488,2590,1-0,1.0,0.0,0,53,3.0,2.5,0.5,1.0,0,2539.0,0
6,1,"Maghsoodloo, Parham","Erigaisi, Arjun",12539929,35009192,2692,2771,1/2-1/2,0.5,0.5,1,38,0.0,0.5,4.5,4.0,1,2731.5,0
6,2,"Bluebaum, Matthias","Mishra, Abhimanyu",24651516,30920019,2671,2611,1/2-1/2,0.5,0.5,1,30,0.5,0.5,4.0,4.0,1,2641.0,1
6,3,"Maurizzi, Marcandria","Giri, Anish",36083534,24116068,2610,2746,0-1,0.0,1.0,0,27,0.5,1.0,4.0,3.5,0,2678.0,0
6,4,"Tabatabaei, M. Amin","Firouzja, Alireza",12521213,12573981,2673,2754,1/2-1/2,0.5,0.5,1,31,1.0,1.0,3.5,3.5,0,2713.5,1
6,5,"Rodshtein, Maxim","Abdusattorov, Nodirbek",2806851,14204118,2645,2748,1/2-1/2,0.5,0.5,1,38,1.0,1.0,3.5,3.5,0,2696.5,0
6,6,"Erdogmus, Yagiz Kaan","Mamedyarov, Shakhriyar",44599790,13401319,2646,2741,1/2-1/2,0.5,0.5,1,16,1.0,1.0,3.5,3.5,0,2693.5,1
6,7,"Gumularz, Szymon","Nihal, Sarin",1188062,25092340,2590,2693,0-1,0.0,1.0,0,22,1.0,1.0,3.5,3.5,0,2641.5,0
6,8,"Yakubboev, Nodirbek","Pranav, V",14203987,25060783,2681,2596,1/2-1/2,0.5,0.5,1,53,1.0,1.0,3.5,3.5,0,2638.5,0
6,9,"Praggnanandhaa, R","Mamedov, Rauf",25059530,13401653,2785,2651,1/2-1/2,0.5,0.5,1,56,1.5,1.5,3.0,3.0,0,2718.0,0
6,10,"Gukesh, D","Theodorou, Nikolas",46616543,4262875,2767,2646,0-1,0.0,1.0,0,47,1.5,1.5,3.0,3.0,0,2706.5,0
6,11,"Keymer, Vincent","Hovhannisyan, Robert",12940690,13302507,2751,2629,1-0,1.0,0.0,0,114,1.5,1.5,3.0,3.0,0,2690.0,0
6,12,"Vitiugov, Nikita","Aronian, Levon",4152956,13300474,2666,2744,1/2-1/2,0.5,0.5,1,13,1.5,1.5,3.0,3.0,0,2705.0,1
6,13,"Nepomniachtchi, Ian","Shirov, Alexei",4168119,2209390,2742,2616,1/2-1/2,0.5,0.5,1,40,1.5,1.5,3.0,3.0,0,2679.0,0
6,14,"Sargsyan, Shant","Vachier-Lagrave, Maxime",13306766,623539,2653,2738,1-0,1.0,0.0,0,33,1.5,1.5,3.0,3.0,0,2695.5,0
6,15,"Vokhidov, Shamsiddin","Niemann, Hans Moke",14204223,2093596,2645,2733,0-1,0.0,1.0,0,35,1.5,1.5,3.0,3.0,0,2689.0,0
6,16,"Demchenko, Anton","Vidit, Santosh Gujrathi",4160258,5029465,2620,2712,0-1,0.0,1.0,0,54,1.5,1.5,3.0,3.0,0,2666.0,0
6,17,"Puranik, Abhimanyu","Rapport, Richard",5061245,738590,2640,2711,1/2-1/2,0.5,0.5,1,46,1.5,1.5,3.0,3.0,0,2675.5,0
6,18,"Cheparinov, Ivan","Sevian, Samuel",2905540,2040506,2627,2692,1/2-1/2,0.5,0.5,1,40,1.5,1.5,3.0,3.0,0,2659.5,0
6,19,"Van Foreest, Jorden","Ivanchuk, Vasyl",1039784,14100010,2692,2608,1-0,1.0,0.0,0,32,1.5,1.5,3.0,3.0,0,2650.0,0
6,20,"Bartel, Mateusz","Dubov, Daniil",1112635,24126055,2581,2691,1/2-1/2,0.5,0.5,1,41,1.5,1.5,3.0,3.0,0,2636.0,0
6,21,"Yu, Yangyi","Samunenkov, Ihor",8603820,14187086,2714,2550,1-0,1.0,0.0,0,50,2.0,1.5,2.5,3.0,0,2632.0,0
6,22,"Salem, A.R. Saleh","Sindarov, Javokhir",9301348,14205483,2640,2722,1/2-1/2,0.5,0.5,1,120,2.0,2.0,2.5,2.5,0,2681.0,0
6,23,"Harikrishna, Pentala","Gurel, Ediz",5007003,44507356,2704,2631,1/2-1/2,0.5,0.5,1,33,2.0,2.0,2.5,2.5,0,2667.5,1
6,24,"Liang, Awonder","Xiong, Jeffery",2056437,2047640,2698,2640,1/2-1/2,0.5,0.5,1,34,2.0,2.0,2.5,2.5,0,2669.0,1
6,25,"Esipenko, Andrey","Volokitin, Andrei",24175439,14107090,2687,2628,1-0,1.0,0.0,0,31,2.0,2.0,2.5,2.5,0,2657.5,0
6,26,"Deac, Bogdan-Daniel","Mendonca, Leon Luke",1226380,35028561,2674,2615,0-1,0.0,1.0,0,104,2.0,2.0,2.5,2.5,0,2644.5,0
6,27,"Bacrot, Etienne","Robson, Ray",605506,2023970,2637,2674,1/2-1/2,0.5,0.5,1,42,2.0,2.0,2.5,2.5,0,2655.5,0
6,28,"Murzin, Volodar","Ponomariov, Ruslan",44155573,14103320,2670,2622,1/2-1/2,0.5,0.5,1,41,2.0,2.0,2.5,2.5,0,2646.0,0
6,29,"Shankland, Sam","Lagarde, Maxime",2004887,662399,2670,2609,1/2-1/2,0.5,0.5,1,41,2.0,2.0,2.5,2.5,0,2639.5,0
6,30,"Oparin, Grigoriy","Matlakov, Maxim",24125890,4168003,2660,2609,1/2-1/2,0.5,0.5,1,23,2.0,2.0,2.5,2.5,0,2634.5,1
6,31,"Suleymanli, Aydin","Sadhwani, Raunak",13413937,35093487,2602,2658,1/2-1/2,0.5,0.5,1,31,2.0,2.0,2.5,2.5,0,2630.0,1
6,32,"Kuzubov, Yuriy","Saric, Ivan",14112906,14508150,2600,2655,0-1,0.0,1.0,0,92,2.0,2.0,2.5,2.5,0,2627.5,0
6,33,"Aditya, Mittal","Gelfand, Boris",35042025,2805677,2589,2652,1/2-1/2,0.5,0.5,1,31,2.0,2.0,2.5,2.5,0,2620.5,1
6,34,"Bjerre, Jonas Buhl","Henriquez Villagra, Cristobal",1444948,3409350,2651,2594,0-1,0.0,1.0,0,83,2.0,2.0,2.5,2.5,0,2622.5,0
6,35,"Narayanan, S","Grandelius, Nils",5058422,1710400,2591,2648,1/2-1/2,0.5,0.5,1,30,2.0,2.0,2.5,2.5,0,2619.5,1
6,36,"Woodward, Andy","Yuffa, Daniil",30953499,24131423,2557,2648,1-0,1.0,0.0,0,54,2.0,2.0,2.5,2.5,0,2602.5,0
6,37,"Lu, Shanglei","Zemlyanskii, Ivan",8603332,24249971,2647,2586,1/2-1/2,0.5,0.5,1,57,2.0,2.0,2.5,2.5,0,2616.5,0
6,38,"Fedoseev, Vladimir","Hakobyan, Aram",24130737,13306677,2731,2625,1/2-1/2,0.5,0.5,1,38,2.5,2.5,2.0,2.0,0,2678.0,0
6,39,"Eljanov, Pavel","Santos Latasa, Jaime",14102951,2293307,2682,2620,1/2-1/2,0.5,0.5,1,60,2.5,2.5,2.0,2.0,0,2651.0,0
6,40,"Artemiev, Vladislav","Aryan, Chopra",24101605,5084423,2664,2619,1/2-1/2,0.5,0.5,1,42,2.5,2.5,2.0,2.0,0,2641.5,0
6,41,"Wojtaszek, Radoslaw","Korobov, Anton",1118358,14105730,2661,2616,0-1,0.0,1.0,0,47,2.5,2.5,2.0,2.0,0,2638.5,0
6,42,"Grischuk, Alexander","Xu, Xiangyu",4126025,8608288,2657,2615,1-0,1.0,0.0,0,47,2.5,2.5,2.0,2.0,0,2636.0,0
6,43,"Indjic, Aleksandar","Najer, Evgeniy",911925,4118987,2650,2613,0-1,0.0,1.0,0,41,2.5,2.5,2.0,2.0,0,2631.5,0
6,44,"Predke, Alexandr","Kollars, Dmitrij",24107581,12909572,2609,2647,1-0,1.0,0.0,0,38,2.5,2.5,2.0,2.0,0,2628.0,0
6,45,"Moussard, Jules","Svane, Frederik",642908,12923044,2591,2643,1/2-1/2,0.5,0.5,1,32,2.5,2.5,2.0,2.0,0,2617.0,1
6,46,"Chigaev, Maksim","Madaminov, Mukhiddin",4108116,14210703,2638,2560,1-0,1.0,0.0,0,69,2.5,2.5,2.0,2.0,0,2599.0,0
6,47,"Martirosyan, Haik M.","Nigmatov, Ortik",13306553,14202131,2628,2488,0-1,0.0,1.0,0,52,2.5,2.5,2.0,2.0,0,2558.0,0
6,48,"Goryachkina, Aleksandra","Sjugirov, Sanan",4147103,4189302,2528,2627,0-1,0.0,1.0,0,60,2.5,2.5,2.0,2.0,0,2577.5,0
6,49,"Jobava, Baadur","Anton Guijarro, David",13601520,2285525,2590,2625,1/2-1/2,0.5,0.5,1,77,2.5,2.5,2.0,2.0,0,2607.5,0
6,50,"Amin, Bassem","Suyarov, Mukhammadzokhid",10601457,14210495,2636,2482,1-0,1.0,0.0,0,63,3.0,2.5,1.5,2.0,0,2559.0,0
6,51,"Sarana, Alexey","Svane, Rasmus",24133795,4657101,2686,2620,1/2-1/2,0.5,0.5,1,31,3.0,3.0,1.5,1.5,0,2653.0,1
6,52,"Ivic, Velimir","Daneshvar, Bardiya",950122,12576468,2630,2598,1-0,1.0,0.0,0,46,3.0,3.0,1.5,1.5,0,2614.0,0
6,53,"Dardha, Daniel","Warmerdam, Max",240990,1048104,2624,2591,1/2-1/2,0.5,0.5,1,38,3.0,3.0,1.5,1.5,0,2607.5,0
6,54,"Donchenko, Alexander","Vakhidov, Jakhongir",24603295,14201801,2624,2521,1-0,1.0,0.0,0,51,3.0,3.0,1.5,1.5,0,2572.5,0
6,55,"Karthikeyan, Murali","Abdisalimov, Abdimalik",5074452,14206323,2669,2488,1/2-1/2,0.5,0.5,1,31,3.5,3.0,1.0,1.5,0,2578.5,1
6,56,"Muradli, Mahammad","Hammer, Jon Ludvig",13409301,1503707,2590,2618,1/2-1/2,0.5,0.5,1,83,3.5,3.5,1.0,1.0,0,2604.0,0
6,57,"Sargissian, Gabriel","Divya, Deshmukh",13300881,35006916,2626,2478,1/2-1/2,0.5,0.5,1,31,2.5,2.5,2.0,2.0,0,2552.0,1
6,58,"Wagner, Dennis","Olisa, Tennyson Ewomazino",24650684,8511390,2608,2287,1-0,1.0,0.0,0,43,3.5,4.0,1.0,0.5,0,2447.5,0
7,1,"Nihal, Sarin","Maghsoodloo, Parham",25092340,12539929,2693,2692,1-0,1.0,0.0,0,42,0.5,0.0,4.5,5.0,1,2692.5,0
7,2,"Erigaisi, Arjun","Bluebaum, Matthias",35009192,24651516,2771,2671,0-1,0.0,1.0,0,51,0.5,0.5,4.5,4.5,1,2721.0,0
7,3,"Giri, Anish","Mishra, Abhimanyu",24116068,30920019,2746,2611,1/2-1/2,0.5,0.5,1,49,0.5,0.5,4.5,4.5,1,2678.5,0
7,4,"Firouzja, Alireza","Yakubboev, Nodirbek",12573981,14203987,2754,2681,1-0,1.0,0.0,0,31,1.0,1.0,4.0,4.0,0,2717.5,0
7,5,"Theodorou, Nikolas","Keymer, Vincent",4262875,12940690,2646,2751,1/2-1/2,0.5,0.5,1,31,1.0,1.0,4.0,4.0,0,2698.5,1
7,6,"Abdusattorov, Nodirbek","Tabatabaei, M. Amin",14204118,12521213,2748,2673,1-0,1.0,0.0,0,38,1.0,1.0,4.0,4.0,0,2710.5,0
7,7,"Mamedyarov, Shakhriyar","Sargsyan, Shant",13401319,13306766,2741,2653,1/2-1/2,0.5,0.5,1,45,1.0,1.0,4.0,4.0,0,2697.0,0
7,8,"Niemann, Hans Moke","Erdogmus, Yagiz Kaan",2093596,44599790,2733,2646,1-0,1.0,0.0,0,26,1.0,1.0,4.0,4.0,0,2689.5,0
7,9,"Vidit, Santosh Gujrathi","Maurizzi, Marcandria",5029465,36083534,2712,2610,1-0,1.0,0.0,0,49,1.0,1.0,4.0,4.0,0,2661.0,0
7,10,"Pranav, V","Van Foreest, Jorden",25060783,1039784,2596,2692,1/2-1/2,0.5,0.5,1,44,1.0,1.0,4.0,4.0,0,2644.0,0
7,11,"Praggnanandhaa, R","Rodshtein, Maxim",25059530,2806851,2785,2645,1-0,1.0,0.0,0,42,1.5,1.0,3.5,4.0,0,2715.0,0
7,12,"Aronian, Levon","Puranik, Abhimanyu",13300474,5061245,2744,2640,1/2-1/2,0.5,0.5,1,68,1.5,1.5,3.5,3.5,0,2692.0,0
7,13,"Mamedov, Rauf","Nepomniachtchi, Ian",13401653,4168119,2651,2742,0-1,0.0,1.0,0,45,1.5,1.5,3.5,3.5,0,2696.5,0
7,14,"Mendonca, Leon Luke","Yu, Yangyi",35028561,8603820,2615,2714,0-1,0.0,1.0,0,48,1.5,1.5,3.5,3.5,0,2664.5,0
7,15,"Rapport, Richard","Cheparinov, Ivan",738590,2905540,2711,2627,1-0,1.0,0.0,0,52,1.5,1.5,3.5,3.5,0,2669.0,0
7,16,"Sevian, Samuel","Gumularz, Szymon",2040506,1188062,2692,2590,1/2-1/2,0.5,0.5,1,33,1.5,1.5,3.5,3.5,0,2641.0,1
7,17,"Dubov, Daniil","Woodward, Andy",24126055,30953499,2691,2557,1/2-1/2,0.5,0.5,1,33,1.5,1.5,3.5,3.5,0,2624.0,1
7,18,"Shirov, Alexei","Esipenko, Andrey",2209390,24175439,2616,2687,1/2-1/2,0.5,0.5,1,14,1.5,1.5,3.5,3.5,0,2651.5,1
7,19,"Henriquez Villagra, Cristobal","Vitiugov, Nikita",3409350,4152956,2594,2666,1/2-1/2,0.5,0.5,1,79,1.5,1.5,3.5,3.5,0,2630.0,0
7,20,"Saric, Ivan","Bartel, Mateusz",14508150,1112635,2655,2581,1/2-1/2,0.5,0.5,1,35,1.5,1.5,3.5,3.5,0,2618.0,1
7,21,"Gurel, Ediz","Gukesh, D",44507356,46616543,2631,2767,1-0,1.0,0.0,0,52,2.0,2.0,3.0,3.0,0,2699.0,0
7,22,"Vachier-Lagrave, Maxime","Bacrot, Etienne",623539,605506,2738,2637,1-0,1.0,0.0,0,59,2.0,2.0,3.0,3.0,0,2687.5,0
7,23,"Sindarov, Javokhir","Hovhannisyan, Robert",14205483,13302507,2722,2629,1-0,1.0,0.0,0,56,2.0,2.0,3.0,3.0,0,2675.5,0
7,24,"Sjugirov, Sanan","Harikrishna, Pentala",4189302,5007003,2627,2704,1/2-1/2,0.5,0.5,1,92,2.0,2.0,3.0,3.0,0,2665.5,0
7,25,"Korobov, Anton","Liang, Awonder",14105730,2056437,2616,2698,0-1,0.0,1.0,0,44,2.0,2.0,3.0,3.0,0,2657.0,0
7,26,"Robson, Ray","Demchenko, Anton",2023970,4160258,2674,2620,1/2-1/2,0.5,0.5,1,78,2.0,2.0,3.0,3.0,0,2647.0,0
7,27,"Zemlyanskii, Ivan","Murzin, Volodar",24249971,44155573,2586,2670,1/2-1/2,0.5,0.5,1,55,2.0,2.0,3.0,3.0,0,2628.0,0
7,28,"Ponomariov, Ruslan","Shankland, Sam",14103320,2004887,2622,2670,1/2-1/2,0.5,0.5,1,59,2.0,2.0,3.0,3.0,0,2646.0,0
7,29,"Lagarde, Maxime","Oparin, Grigoriy",662399,24125890,2609,2660,1/2-1/2,0.5,0.5,1,60,2.0,2.0,3.0,3.0,0,2634.5,0
7,30,"Sadhwani, Raunak","Predke, Alexandr",35093487,24107581,2658,2609,1/2-1/2,0.5,0.5,1,26,2.0,2.0,3.0,3.0,0,2633.5,1
7,31,"Najer, Evgeniy","Grischuk, Alexander",4118987,4126025,2613,2657,1/2-1/2,0.5,0.5,1,60,2.0,2.0,3.0,3.0,0,2635.0,0
7,32,"Gelfand, Boris","Narayanan, S",2805677,5058422,2652,2591,1/2-1/2,0.5,0.5,1,30,2.0,2.0,3.0,3.0,0,2621.5,1
7,33,"Grandelius, Nils","Suleymanli, Aydin",1710400,13413937,2648,2602,1/2-1/2,0.5,0.5,1,39,2.0,2.0,3.0,3.0,0,2625.0,0
7,34,"Matlakov, Maxim","Lu, Shanglei",4168003,8603332,2609,2647,1/2-1/2,0.5,0.5,1,33,2.0,2.0,3.0,3.0,0,2628.0,1
7,35,"Ivanchuk, Vasyl","Vokhidov, Shamsiddin",14100010,14204223,2608,2645,1/2-1/2,0.5,0.5,1,38,2.0,2.0,3.0,3.0,0,2626.5,0
7,36,"Samunenkov, Ihor","Salem, A.R. Saleh",14187086,9301348,2550,2640,0-1,0.0,1.0,0,52,2.0,2.0,3.0,3.0,0,2595.0,0
7,37,"Xiong, Jeffery","Aditya, Mittal",2047640,35042025,2640,2589,1/2-1/2,0.5,0.5,1,33,2.0,2.0,3.0,3.0,0,2614.5,1
7,38,"Nigmatov, Ortik","Chigaev, Maksim",14202131,4108116,2488,2638,0-1,0.0,1.0,0,50,2.0,2.0,3.0,3.0,0,2563.0,0
7,39,"Sargissian, Gabriel","Fedoseev, Vladimir",13300881,24130737,2626,2731,0-1,0.0,1.0,0,56,2.5,2.5,2.5,2.5,0,2678.5,0
7,40,"Anton Guijarro, David","Eljanov, Pavel",2285525,14102951,2625,2682,1-0,1.0,0.0,0,48,2.5,2.5,2.5,2.5,0,2653.5,0
7,41,"Hakobyan, Aram","Deac, Bogdan-Daniel",13306677,1226380,2625,2674,1-0,1.0,0.0,0,54,2.5,2.5,2.5,2.5,0,2649.5,0
7,42,"Donchenko, Alexander","Artemiev, Vladislav",24603295,24101605,2624,2664,0-1,0.0,1.0,0,34,2.5,2.5,2.5,2.5,0,2644.0,0
7,43,"Santos Latasa, Jaime","Bjerre, Jonas Buhl",2293307,1444948,2620,2651,0-1,0.0,1.0,0,65,2.5,2.5,2.5,2.5,0,2635.5,0
7,44,"Yuffa, Daniil","Kuzubov, Yuriy",24131423,14112906,2648,2600,0-1,0.0,1.0,0,37,2.5,2.5,2.5,2.5,0,2624.0,0
7,45,"Svane, Frederik","Jobava, Baadur",12923044,13601520,2643,2590,1/2-1/2,0.5,0.5,1,63,2.5,2.5,2.5,2.5,0,2616.5,0
7,46,"Aryan, Chopra","Amin, Bassem",5084423,10601457,2619,2636,1/2-1/2,0.5,0.5,1,44,2.5,2.5,2.5,2.5,0,2627.5,0
7,47,"Volokitin, Andrei","Moussard, Jules",14107090,642908,2628,2591,1/2-1/2,0.5,0.5,1,48,2.5,2.5,2.5,2.5,0,2609.5,0
7,48,"Warmerdam, Max","Sarana, Alexey",1048104,24133795,2591,2686,1/2-1/2,0.5,0.5,1,30,3.0,3.0,2.0,2.0,0,2638.5,1
7,49,"Xu, Xiangyu","Wojtaszek, Radoslaw",8608288,1118358,2615,2661,1/2-1/2,0.5,0.5,1,31,3.0,3.0,2.0,2.0,0,2638.0,1
7,50,"Madaminov, Mukhiddin","Indjic, Aleksandar",14210703,911925,2560,2650,1/2-1/2,0.5,0.5,1,30,3.0,3.0,2.0,2.0,0,2605.0,1
7,51,"Kollars, Dmitrij","Wagner, Dennis",12909572,24650684,2647,2608,1-0,1.0,0.0,0,66,3.0,3.0,2.0,2.0,0,2627.5,0
7,52,"Abdisalimov, Abdimalik","Martirosyan, Haik M.",14206323,13306553,2488,2628,1-0,1.0,0.0,0,51,3.0,3.0,2.0,2.0,0,2558.0,0
7,53,"Suyarov, Mukhammadzokhid","Dardha, Daniel",14210495,240990,2482,2624,0-1,0.0,1.0,0,47,3.0,3.0,2.0,2.0,0,2553.0,0
7,54,"Svane, Rasmus","Goryachkina, Aleksandra",4657101,4147103,2620,2528,1/2-1/2,0.5,0.5,1,31,3.0,3.0,2.0,2.0,0,2574.0,1
7,55,"Hammer, Jon Ludvig","Karthikeyan, Murali",1503707,5074452,2618,2669,0-1,0.0,1.0,0,77,3.5,3.5,1.5,1.5,0,2643.5,0
7,56,"Daneshvar, Bardiya","Muradli, Mahammad",12576468,13409301,2598,2590,1-0,1.0,0.0,0,44,3.5,3.5,1.5,1.5,0,2594.0,0
7,57,"Divya, Deshmukh","Ivic, Velimir",35006916,950122,2478,2630,1-0,1.0,0.0,0,49,2.5,2.5,2.5,2.5,0,2554.0,0
7,58,"Olisa, Tennyson Ewomazino","Vakhidov, Jakhongir",8511390,14201801,2287,2521,0-1,0.0,1.0,0,25,4.5,3.5,0.5,1.5,0,2404.0,0
8,1,"Bluebaum, Matthias","Nihal, Sarin",24651516,25092340,2671,2693,1/2-1/2,0.5,0.5,1,21,0.0,0.0,5.5,5.5,1,2682.0,1
8,2,"Firouzja, Alireza","Niemann, Hans Moke",12573981,2093596,2754,2733,1/2-1/2,0.5,0.5,1,30,0.5,0.5,5.0,5.0,1,2743.5,1
8,3,"Mishra, Abhimanyu","Abdusattorov, Nodirbek",30920019,14204118,2611,2748,1/2-1/2,0.5,0.5,1,69,0.5,0.5,5.0,5.0,1,2679.5,0
8,4,"Maghsoodloo, Parham","Giri, Anish",12539929,24116068,2692,2746,1/2-1/2,0.5,0.5,1,55,0.5,0.5,5.0,5.0,1,2719.0,0
8,5,"Keymer, Vincent","Vidit, Santosh Gujrathi",12940690,5029465,2751,2712,1-0,1.0,0.0,0,63,1.0,0.5,4.5,5.0,0,2731.5,0
8,6,"Rapport, Richard","Praggnanandhaa, R",738590,25059530,2711,2785,1/2-1/2,0.5,0.5,1,39,1.0,1.0,4.5,4.5,0,2748.0,0
8,7,"Sargsyan, Shant","Erigaisi, Arjun",13306766,35009192,2653,2771,1/2-1/2,0.5,0.5,1,31,1.0,1.0,4.5,4.5,0,2712.0,1
8,8,"Nepomniachtchi, Ian","Pranav, V",4168119,25060783,2742,2596,1/2-1/2,0.5,0.5,1,32,1.0,1.0,4.5,4.5,0,2669.0,1
8,9,"Van Foreest, Jorden","Mamedyarov, Shakhriyar",1039784,13401319,2692,2741,1-0,1.0,0.0,0,50,1.0,1.0,4.5,4.5,0,2716.5,0
8,10,"Yu, Yangyi","Theodorou, Nikolas",8603820,4262875,2714,2646,1/2-1/2,0.5,0.5,1,105,1.0,1.0,4.5,4.5,0,2680.0,0
8,11,"Erdogmus, Yagiz Kaan","Aronian, Levon",44599790,13300474,2646,2744,1-0,1.0,0.0,0,49,1.5,1.5,4.0,4.0,0,2695.0,0
8,12,"Rodshtein, Maxim","Vachier-Lagrave, Maxime",2806851,623539,2645,2738,0-1,0.0,1.0,0,41,1.5,1.5,4.0,4.0,0,2691.5,0
8,13,"Puranik, Abhimanyu","Sindarov, Javokhir",5061245,14205483,2640,2722,1/2-1/2,0.5,0.5,1,51,1.5,1.5,4.0,4.0,0,2681.0,0
8,14,"Liang, Awonder","Salem, A.R. Saleh",2056437,9301348,2698,2640,1-0,1.0,0.0,0,45,1.5,1.5,4.0,4.0,0,2669.0,0
8,15,"Bartel, Mateusz","Sevian, Samuel",1112635,2040506,2581,2692,0-1,0.0,1.0,0,29,1.5,1.5,4.0,4.0,0,2636.5,0
8,16,"Chigaev, Maksim","Dubov, Daniil",4108116,24126055,2638,2691,1/2-1/2,0.5,0.5,1,30,1.5,1.5,4.0,4.0,0,2664.5,1
8,17,"Esipenko, Andrey","Gurel, Ediz",24175439,44507356,2687,2631,1/2-1/2,0.5,0.5,1,41,1.5,1.5,4.0,4.0,0,2659.0,0
8,18,"Woodward, Andy","Yakubboev, Nodirbek",30953499,14203987,2557,2681,1/2-1/2,0.5,0.5,1,60,1.5,1.5,4.0,4.0,0,2619.0,0
8,19,"Tabatabaei, M. Amin","Shirov, Alexei",12521213,2209390,2673,2616,1/2-1/2,0.5,0.5,1,36,1.5,1.5,4.0,4.0,0,2644.5,0
8,20,"Vitiugov, Nikita","Maurizzi, Marcandria",4152956,36083534,2666,2610,0-1,0.0,1.0,0,52,1.5,1.5,4.0,4.0,0,2638.0,0
8,21,"Gumularz, Szymon","Saric, Ivan",1188062,14508150,2590,2655,0-1,0.0,1.0,0,55,1.5,1.5,4.0,4.0,0,2622.5,0
8,22,"Fedoseev, Vladimir","Henriquez Villagra, Cristobal",24130737,3409350,2731,2594,1-0,1.0,0.0,0,33,2.0,1.5,3.5,4.0,0,2662.5,0
8,23,"Harikrishna, Pentala","Anton Guijarro, David",5007003,2285525,2704,2625,0-1,0.0,1.0,0,32,2.0,2.0,3.5,3.5,0,2664.5,0
8,24,"Sjugirov, Sanan","Robson, Ray",4189302,2023970,2627,2674,1/2-1/2,0.5,0.5,1,79,2.0,2.0,3.5,3.5,0,2650.5,0
8,25,"Murzin, Volodar","Mendonca, Leon Luke",44155573,35028561,2670,2615,1/2-1/2,0.5,0.5,1,52,2.0,2.0,3.5,3.5,0,2642.5,0
8,26,"Hakobyan, Aram","Shankland, Sam",13306677,2004887,2625,2670,1-0,1.0,0.0,0,46,2.0,2.0,3.5,3.5,0,2647.5,0
8,27,"Artemiev, Vladislav","Ponomariov, Ruslan",24101605,14103320,2664,2622,1/2-1/2,0.5,0.5,1,59,2.0,2.0,3.5,3.5,0,2643.0,0
8,28,"Oparin, Grigoriy","Ivanchuk, Vasyl",24125890,14100010,2660,2608,1-0,1.0,0.0,0,27,2.0,2.0,3.5,3.5,0,2634.0,0
8,29,"Aditya, Mittal","Sadhwani, Raunak",35042025,35093487,2589,2658,1/2-1/2,0.5,0.5,1,106,2.0,2.0,3.5,3.5,0,2623.5,0
8,30,"Grischuk, Alexander","Lagarde, Maxime",4126025,662399,2657,2609,1/2-1/2,0.5,0.5,1,53,2.0,2.0,3.5,3.5,0,2633.0,0
8,31,"Demchenko, Anton","Gelfand, Boris",4160258,2805677,2620,2652,1-0,1.0,0.0,0,41,2.0,2.0,3.5,3.5,0,2636.0,0
8,32,"Bjerre, Jonas Buhl","Najer, Evgeniy",1444948,4118987,2651,2613,1-0,1.0,0.0,0,34,2.0,2.0,3.5,3.5,0,2632.0,0
8,33,"Matlakov, Maxim","Mamedov, Rauf",4168003,13401653,2609,2651,0-1,0.0,1.0,0,33,2.0,2.0,3.5,3.5,0,2630.0,0
8,34,"Predke, Alexandr","Grandelius, Nils",24107581,1710400,2609,2648,1/2-1/2,0.5,0.5,1,57,2.0,2.0,3.5,3.5,0,2628.5,0
8,35,"Lu, Shanglei","Suleymanli, Aydin",8603332,13413937,2647,2602,1/2-1/2,0.5,0.5,1,59,2.0,2.0,3.5,3.5,0,2624.5,0
8,36,"Vokhidov, Shamsiddin","Narayanan, S",14204223,5058422,2645,2591,1/2-1/2,0.5,0.5,1,47,2.0,2.0,3.5,3.5,0,2618.0,0
8,37,"Kuzubov, Yuriy","Xiong, Jeffery",14112906,2047640,2600,2640,1/2-1/2,0.5,0.5,1,35,2.0,2.0,3.5,3.5,0,2620.0,1
8,38,"Cheparinov, Ivan","Zemlyanskii, Ivan",2905540,24249971,2627,2586,1/2-1/2,0.5,0.5,1,82,2.0,2.0,3.5,3.5,0,2606.5,0
8,39,"Moussard, Jules","Kollars, Dmitrij",642908,12909572,2591,2647,1/2-1/2,0.5,0.5,1,70,2.5,2.5,3.0,3.0,0,2619.0,0
8,40,"Abdisalimov, Abdimalik","Svane, Frederik",14206323,12923044,2488,2643,1-0,1.0,0.0,0,37,2.5,2.5,3.0,3.0,0,2565.5,0
8,41,"Bacrot, Etienne","Aryan, Chopra",605506,5084423,2637,2619,1/2-1/2,0.5,0.5,1,31,2.5,2.5,3.0,3.0,0,2628.0,1
8,42,"Amin, Bassem","Korobov, Anton",10601457,14105730,2636,2616,0-1,0.0,1.0,0,34,2.5,2.5,3.0,3.0,0,2626.0,0
8,43,"Hovhannisyan, Robert","Samunenkov, Ihor",13302507,14187086,2629,2550,1/2-1/2,0.5,0.5,1,92,2.5,2.5,3.0,3.0,0,2589.5,0
8,44,"Jobava, Baadur","Volokitin, Andrei",13601520,14107090,2590,2628,0-1,0.0,1.0,0,44,2.5,2.5,3.0,3.0,0,2609.0,0
8,45,"Dardha, Daniel","Nigmatov, Ortik",240990,14202131,2624,2488,1-0,1.0,0.0,0,48,2.5,2.5,3.0,3.0,0,2556.0,0
8,46,"Sarana, Alexey","Donchenko, Alexander",24133795,24603295,2686,2624,1/2-1/2,0.5,0.5,1,36,3.0,3.0,2.5,2.5,0,2655.0,0
8,47,"Eljanov, Pavel","Svane, Rasmus",14102951,4657101,2682,2620,1/2-1/2,0.5,0.5,1,37,3.0,3.0,2.5,2.5,0,2651.0,0
8,48,"Deac, Bogdan-Daniel","Xu, Xiangyu",1226380,8608288,2674,2615,1/2-1/2,0.5,0.5,1,117,3.0,3.0,2.5,2.5,0,2644.5,0
8,49,"Karthikeyan, Murali","Santos Latasa, Jaime",5074452,2293307,2669,2620,1-0,1.0,0.0,0,71,3.0,3.0,2.5,2.5,0,2644.5,0
8,50,"Wojtaszek, Radoslaw","Daneshvar, Bardiya",1118358,12576468,2661,2598,1/2-1/2,0.5,0.5,1,25,3.0,3.0,2.5,2.5,0,2629.5,1
8,51,"Indjic, Aleksandar","Warmerdam, Max",911925,1048104,2650,2591,1-0,1.0,0.0,0,47,3.0,3.0,2.5,2.5,0,2620.5,0
8,52,"Goryachkina, Aleksandra","Yuffa, Daniil",4147103,24131423,2528,2648,1-0,1.0,0.0,0,62,3.0,3.0,2.5,2.5,0,2588.0,0
8,53,"Ivic, Velimir","Madaminov, Mukhiddin",950122,14210703,2630,2560,1-0,1.0,0.0,0,55,3.0,3.0,2.5,2.5,0,2595.0,0
8,54,"Vakhidov, Jakhongir","Sargissian, Gabriel",14201801,13300881,2521,2626,1/2-1/2,0.5,0.5,1,20,3.0,3.0,2.5,2.5,0,2573.5,1
8,55,"Wagner, Dennis","Suyarov, Mukhammadzokhid",24650684,14210495,2608,2482,1/2-1/2,0.5,0.5,1,72,3.5,3.5,2.0,2.0,0,2545.0,0
8,56,"Martirosyan, Haik M.","Hammer, Jon Ludvig",13306553,1503707,2628,2618,1/2-1/2,0.5,0.5,1,37,3.5,4.0,2.0,1.5,0,2623.0,0
8,57,"Gukesh, D","Divya, Deshmukh",46616543,35006916,2767,2478,1/2-1/2,0.5,0.5,1,103,2.5,2.0,3.0,3.5,0,2622.5,0
8,58,"Muradli, Mahammad","Olisa, Tennyson Ewomazino",13409301,8511390,2590,2287,1-0,1.0,0.0,0,58,4.0,5.0,1.5,0.5,0,2438.5,0
9,1,"Nihal, Sarin","Firouzja, Alireza",25092340,12573981,2693,2754,0-1,0.0,1.0,0,82,0.0,0.5,6.0,5.5,1,2723.5,0
9,2,"Abdusattorov, Nodirbek","Bluebaum, Matthias",14204118,24651516,2748,2671,1/2-1/2,0.5,0.5,1,39,0.5,0.0,5.5,6.0,1,2709.5,0
9,3,"Maghsoodloo, Parham","Keymer, Vincent",12539929,12940690,2692,2751,0-1,0.0,1.0,0,70,0.5,0.5,5.5,5.5,1,2721.5,0
9,4,"Giri, Anish","Van Foreest, Jorden",24116068,1039784,2746,2692,1-0,1.0,0.0,0,53,0.5,0.5,5.5,5.5,1,2719.0,0
9,5,"Niemann, Hans Moke","Mishra, Abhimanyu",2093596,30920019,2733,2611,1/2-1/2,0.5,0.5,1,104,0.5,0.5,5.5,5.5,1,2672.0,0
9,6,"Praggnanandhaa, R","Liang, Awonder",25059530,2056437,2785,2698,1/2-1/2,0.5,0.5,1,58,1.0,1.0,5.0,5.0,0,2741.5,0
9,7,"Erigaisi, Arjun","Sevian, Samuel",35009192,2040506,2771,2692,1-0,1.0,0.0,0,51,1.0,1.0,5.0,5.0,0,2731.5,0
9,8,"Saric, Ivan","Nepomniachtchi, Ian",14508150,4168119,2655,2742,1/2-1/2,0.5,0.5,1,70,1.0,1.0,5.0,5.0,0,2698.5,0
9,9,"Vachier-Lagrave, Maxime","Erdogmus, Yagiz Kaan",623539,44599790,2738,2646,1-0,1.0,0.0,0,73,1.0,1.0,5.0,5.0,0,2692.0,0
9,10,"Maurizzi, Marcandria","Yu, Yangyi",36083534,8603820,2610,2714,0-1,0.0,1.0,0,65,1.0,1.0,5.0,5.0,0,2662.0,0
9,11,"Vidit, Santosh Gujrathi","Sargsyan, Shant",5029465,13306766,2712,2653,1/2-1/2,0.5,0.5,1,98,1.0,1.0,5.0,5.0,0,2682.5,0
9,12,"Theodorou, Nikolas","Rapport, Richard",4262875,738590,2646,2711,1/2-1/2,0.5,0.5,1,60,1.0,1.0,5.0,5.0,0,2678.5,0
9,13,"Pranav, V","Tabatabaei, M. Amin",25060783,12521213,2596,2673,0-1,0.0,1.0,0,45,1.0,1.5,5.0,4.5,0,2634.5,0
9,14,"Mamedyarov, Shakhriyar","Puranik, Abhimanyu",13401319,5061245,2741,2640,1-0,1.0,0.0,0,35,1.5,1.5,4.5,4.5,0,2690.5,0
9,15,"Mamedov, Rauf","Fedoseev, Vladimir",13401653,24130737,2651,2731,1/2-1/2,0.5,0.5,1,30,1.5,1.5,4.5,4.5,0,2691.0,1
9,16,"Sindarov, Javokhir","Chigaev, Maksim",14205483,4108116,2722,2638,1-0,1.0,0.0,0,54,1.5,1.5,4.5,4.5,0,2680.0,0
9,17,"Dubov, Daniil","Hakobyan, Aram",24126055,13306677,2691,2625,1/2-1/2,0.5,0.5,1,31,1.5,1.5,4.5,4.5,0,2658.0,1
9,18,"Anton Guijarro, David","Esipenko, Andrey",2285525,24175439,2625,2687,1/2-1/2,0.5,0.5,1,32,1.5,1.5,4.5,4.5,0,2656.0,1
9,19,"Yakubboev, Nodirbek","Demchenko, Anton",14203987,4160258,2681,2620,1-0,1.0,0.0,0,23,1.5,1.5,4.5,4.5,0,2650.5,0
9,20,"Gurel, Ediz","Oparin, Grigoriy",44507356,24125890,2631,2660,1/2-1/2,0.5,0.5,1,34,1.5,1.5,4.5,4.5,0,2645.5,1
9,21,"Shirov, Alexei","Bjerre, Jonas Buhl",2209390,1444948,2616,2651,1-0,1.0,0.0,0,47,1.5,1.5,4.5,4.5,0,2633.5,0
9,22,"Aronian, Levon","Woodward, Andy",13300474,30953499,2744,2557,0-1,0.0,1.0,0,34,2.0,1.5,4.0,4.5,0,2650.5,0
9,23,"Robson, Ray","Kuzubov, Yuriy",2023970,14112906,2674,2600,1/2-1/2,0.5,0.5,1,64,2.0,2.0,4.0,4.0,0,2637.0,0
9,24,"Korobov, Anton","Murzin, Volodar",14105730,44155573,2616,2670,0-1,0.0,1.0,0,36,2.0,2.0,4.0,4.0,0,2643.0,0
9,25,"Ponomariov, Ruslan","Vitiugov, Nikita",14103320,4152956,2622,2666,1/2-1/2,0.5,0.5,1,30,2.0,2.0,4.0,4.0,0,2644.0,1
9,26,"Mendonca, Leon Luke","Artemiev, Vladislav",35028561,24101605,2615,2664,1/2-1/2,0.5,0.5,1,31,2.0,2.0,4.0,4.0,0,2639.5,1
9,27,"Sadhwani, Raunak","Dardha, Daniel",35093487,240990,2658,2624,1/2-1/2,0.5,0.5,1,31,2.0,2.0,4.0,4.0,0,2641.0,1
9,28,"Suleymanli, Aydin","Grischuk, Alexander",13413937,4126025,2602,2657,1/2-1/2,0.5,0.5,1,31,2.0,2.0,4.0,4.0,0,2629.5,1
9,29,"Grandelius, Nils","Gumularz, Szymon",1710400,1188062,2648,2590,1-0,1.0,0.0,0,41,2.0,2.0,4.0,4.0,0,2619.0,0
9,30,"Lagarde, Maxime","Lu, Shanglei",662399,8603332,2609,2647,1/2-1/2,0.5,0.5,1,31,2.0,2.0,4.0,4.0,0,2628.0,1
9,31,"Henriquez Villagra, Cristobal","Rodshtein, Maxim",3409350,2806851,2594,2645,1/2-1/2,0.5,0.5,1,34,2.0,2.0,4.0,4.0,0,2619.5,1
9,32,"Zemlyanskii, Ivan","Vokhidov, Shamsiddin",24249971,14204223,2586,2645,0-1,0.0,1.0,0,41,2.0,2.0,4.0,4.0,0,2615.5,0
9,33,"Salem, A.R. Saleh","Predke, Alexandr",9301348,24107581,2640,2609,0-1,0.0,1.0,0,33,2.0,2.0,4.0,4.0,0,2624.5,0
9,34,"Xiong, Jeffery","Bartel, Mateusz",2047640,1112635,2640,2581,1-0,1.0,0.0,0,46,2.0,2.0,4.0,4.0,0,2610.5,0
9,35,"Volokitin, Andrei","Aditya, Mittal",14107090,35042025,2628,2589,0-1,0.0,1.0,0,73,2.0,2.0,4.0,4.0,0,2608.5,0
9,36,"Narayanan, S","Cheparinov, Ivan",5058422,2905540,2591,2627,1/2-1/2,0.5,0.5,1,30,2.0,2.0,4.0,4.0,0,2609.0,1
9,37,"Harikrishna, Pentala","Abdisalimov, Abdimalik",5007003,14206323,2704,2488,1-0,1.0,0.0,0,26,2.5,2.0,3.5,4.0,0,2596.0,0
9,38,"Hovhannisyan, Robert","Gukesh, D",13302507,46616543,2629,2767,1/2-1/2,0.5,0.5,1,57,2.5,2.5,3.5,3.5,0,2698.0,0
9,39,"Shankland, Sam","Moussard, Jules",2004887,642908,2670,2591,1/2-1/2,0.5,0.5,1,38,2.5,2.5,3.5,3.5,0,2630.5,0
9,40,"Najer, Evgeniy","Karthikeyan, Murali",4118987,5074452,2613,2669,1/2-1/2,0.5,0.5,1,49,2.5,2.5,3.5,3.5,0,2641.0,0
9,41,"Gelfand, Boris","Goryachkina, Aleksandra",2805677,4147103,2652,2528,0-1,0.0,1.0,0,41,2.5,2.5,3.5,3.5,0,2590.0,0
9,42,"Aryan, Chopra","Indjic, Aleksandar",5084423,911925,2619,2650,1/2-1/2,0.5,0.5,1,103,2.5,2.5,3.5,3.5,0,2634.5,0
9,43,"Kollars, Dmitrij","Matlakov, Maxim",12909572,4168003,2647,2609,1-0,1.0,0.0,0,77,2.5,2.5,3.5,3.5,0,2628.0,0
9,44,"Ivanchuk, Vasyl","Bacrot, Etienne",14100010,605506,2608,2637,1-0,1.0,0.0,0,31,2.5,2.5,3.5,3.5,0,2622.5,0
9,45,"Samunenkov, Ihor","Ivic, Velimir",14187086,950122,2550,2630,1/2-1/2,0.5,0.5,1,89,2.5,2.5,3.5,3.5,0,2590.0,0
9,46,"Daneshvar, Bardiya","Sarana, Alexey",12576468,24133795,2598,2686,1/2-1/2,0.5,0.5,1,57,3.0,3.0,3.0,3.0,0,2642.0,0
9,47,"Donchenko, Alexander","Eljanov, Pavel",24603295,14102951,2624,2682,1-0,1.0,0.0,0,64,3.0,3.0,3.0,3.0,0,2653.0,0
9,48,"Svane, Rasmus","Deac, Bogdan-Daniel",4657101,1226380,2620,2674,1/2-1/2,0.5,0.5,1,36,3.0,3.0,3.0,3.0,0,2647.0,0
9,49,"Nigmatov, Ortik","Wojtaszek, Radoslaw",14202131,1118358,2488,2661,0-1,0.0,1.0,0,60,3.0,3.0,3.0,3.0,0,2574.5,0
9,50,"Svane, Frederik","Vakhidov, Jakhongir",12923044,14201801,2643,2521,1-0,1.0,0.0,0,47,3.0,3.0,3.0,3.0,0,2582.0,0
9,51,"Xu, Xiangyu","Amin, Bassem",8608288,10601457,2615,2636,1/2-1/2,0.5,0.5,1,75,3.0,3.0,3.0,3.0,0,2625.5,0
9,52,"Sargissian, Gabriel","Jobava, Baadur",13300881,13601520,2626,2590,1-0,1.0,0.0,0,31,3.0,3.0,3.0,3.0,0,2608.0,0
9,53,"Yuffa, Daniil","Wagner, Dennis",24131423,24650684,2648,2608,1/2-1/2,0.5,0.5,1,46,3.5,3.5,2.5,2.5,0,2628.0,0
9,54,"Warmerdam, Max","Martirosyan, Haik M.",1048104,13306553,2591,2628,1/2-1/2,0.5,0.5,1,64,3.5,3.5,2.5,2.5,0,2609.5,0
9,55,"Suyarov, Mukhammadzokhid","Muradli, Mahammad",14210495,13409301,2482,2590,0-1,0.0,1.0,0,40,3.5,3.5,2.5,2.5,0,2536.0,0
9,56,"Hammer, Jon Ludvig","Santos Latasa, Jaime",1503707,2293307,2618,2620,1/2-1/2,0.5,0.5,1,30,4.0,3.5,2.0,2.5,0,2619.0,1
9,57,"Divya, Deshmukh","Sjugirov, Sanan",35006916,4189302,2478,2627,0-1,0.0,1.0,0,60,2.0,2.0,4.0,4.0,0,2552.5,0
9,58,"Olisa, Tennyson Ewomazino","Madaminov, Mukhiddin",8511390,14210703,2287,2560,0-1,0.0,1.0,0,52,5.5,3.5,0.5,2.5,0,2423.5,0
10,1,"Firouzja, Alireza","Giri, Anish",12573981,24116068,2754,2746,1/2-1/2,0.5,0.5,1,18,0.0,0.0,6.5,6.5,1,2750.0,1
10,2,"Keymer, Vincent","Bluebaum, Matthias",12940690,24651516,2751,2671,1/2-1/2,0.5,0.5,1,63,0.0,0.0,6.5,6.5,1,2711.0,0
10,3,"Yu, Yangyi","Erigaisi, Arjun",8603820,35009192,2714,2771,1/2-1/2,0.5,0.5,1,54,0.5,0.5,6.0,6.0,1,2742.5,0
10,4,"Nihal, Sarin","Abdusattorov, Nodirbek",25092340,14204118,2693,2748,1/2-1/2,0.5,0.5,1,53,0.5,0.5,6.0,6.0,1,2720.5,0
10,5,"Mishra, Abhimanyu","Vachier-Lagrave, Maxime",30920019,623539,2611,2738,1/2-1/2,0.5,0.5,1,30,0.5,0.5,6.0,6.0,1,2674.5,1
10,6,"Niemann, Hans Moke","Praggnanandhaa, R",2093596,25059530,2733,2785,1-0,1.0,0.0,0,38,0.5,1.0,6.0,5.5,0,2759.0,0
10,7,"Nepomniachtchi, Ian","Yakubboev, Nodirbek",4168119,14203987,2742,2681,1/2-1/2,0.5,0.5,1,120,1.0,1.0,5.5,5.5,0,2711.5,0
10,8,"Tabatabaei, M. Amin","Mamedyarov, Shakhriyar",12521213,13401319,2673,2741,1/2-1/2,0.5,0.5,1,30,1.0,1.0,5.5,5.5,0,2707.0,1
10,9,"Van Foreest, Jorden","Sindarov, Javokhir",1039784,14205483,2692,2722,1/2-1/2,0.5,0.5,1,40,1.0,1.0,5.5,5.5,0,2707.0,0
10,10,"Saric, Ivan","Vidit, Santosh Gujrathi",14508150,5029465,2655,2712,0-1,0.0,1.0,0,58,1.0,1.0,5.5,5.5,0,2683.5,0
10,11,"Sargsyan, Shant","Rapport, Richard",13306766,738590,2653,2711,1/2-1/2,0.5,0.5,1,31,1.0,1.0,5.5,5.5,0,2682.0,1
10,12,"Liang, Awonder","Theodorou, Nikolas",2056437,4262875,2698,2646,1-0,1.0,0.0,0,43,1.0,1.0,5.5,5.5,0,2672.0,0
10,13,"Woodward, Andy","Maghsoodloo, Parham",30953499,12539929,2557,2692,1-0,1.0,0.0,0,39,1.0,1.0,5.5,5.5,0,2624.5,0
10,14,"Murzin, Volodar","Shirov, Alexei",44155573,2209390,2670,2616,1/2-1/2,0.5,0.5,1,50,1.5,1.0,5.0,5.5,0,2643.0,0
10,15,"Fedoseev, Vladimir","Xiong, Jeffery",24130737,2047640,2731,2640,1-0,1.0,0.0,0,41,1.5,1.5,5.0,5.0,0,2685.5,0
10,16,"Sevian, Samuel","Gurel, Ediz",2040506,44507356,2692,2631,1-0,1.0,0.0,0,32,1.5,1.5,5.0,5.0,0,2661.5,0
10,17,"Aditya, Mittal","Dubov, Daniil",35042025,24126055,2589,2691,1/2-1/2,0.5,0.5,1,30,1.5,1.5,5.0,5.0,0,2640.0,1
10,18,"Esipenko, Andrey","Sjugirov, Sanan",24175439,4189302,2687,2627,1-0,1.0,0.0,0,50,1.5,1.5,5.0,5.0,0,2657.0,0
10,19,"Oparin, Grigoriy","Anton Guijarro, David",24125890,2285525,2660,2625,1-0,1.0,0.0,0,49,1.5,1.5,5.0,5.0,0,2642.5,0
10,20,"Predke, Alexandr","Mamedov, Rauf",24107581,13401653,2609,2651,1-0,1.0,0.0,0,73,1.5,1.5,5.0,5.0,0,2630.0,0
10,21,"Hakobyan, Aram","Grandelius, Nils",13306677,1710400,2625,2648,1/2-1/2,0.5,0.5,1,33,1.5,1.5,5.0,5.0,0,2636.5,1
10,22,"Erdogmus, Yagiz Kaan","Maurizzi, Marcandria",44599790,36083534,2646,2610,1/2-1/2,0.5,0.5,1,43,1.5,1.5,5.0,5.0,0,2628.0,0
10,23,"Vokhidov, Shamsiddin","Pranav, V",14204223,25060783,2645,2596,1/2-1/2,0.5,0.5,1,41,1.5,1.5,5.0,5.0,0,2620.5,0
10,24,"Cheparinov, Ivan","Harikrishna, Pentala",2905540,5007003,2627,2704,0-1,0.0,1.0,0,46,2.0,2.0,4.5,4.5,0,2665.5,0
10,25,"Goryachkina, Aleksandra","Robson, Ray",4147103,2023970,2528,2674,1/2-1/2,0.5,0.5,1,37,2.0,2.0,4.5,4.5,0,2601.0,0
10,26,"Vitiugov, Nikita","Mendonca, Leon Luke",4152956,35028561,2666,2615,1/2-1/2,0.5,0.5,1,35,2.0,2.0,4.5,4.5,0,2640.5,1
10,27,"Artemiev, Vladislav","Lagarde, Maxime",24101605,662399,2664,2609,0-1,0.0,1.0,0,59,2.0,2.0,4.5,4.5,0,2636.5,0
10,28,"Demchenko, Anton","Sadhwani, Raunak",4160258,35093487,2620,2658,0-1,0.0,1.0,0,55,2.0,2.0,4.5,4.5,0,2639.0,0
10,29,"Grischuk, Alexander","Ponomariov, Ruslan",4126025,14103320,2657,2622,1/2-1/2,0.5,0.5,1,47,2.0,2.0,4.5,4.5,0,2639.5,0
10,30,"Bjerre, Jonas Buhl","Ivanchuk, Vasyl",1444948,14100010,2651,2608,0-1,0.0,1.0,0,56,2.0,2.0,4.5,4.5,0,2629.5,0
10,31,"Dardha, Daniel","Kollars, Dmitrij",240990,12909572,2624,2647,1/2-1/2,0.5,0.5,1,36,2.0,2.0,4.5,4.5,0,2635.5,0
10,32,"Lu, Shanglei","Henriquez Villagra, Cristobal",8603332,3409350,2647,2594,1-0,1.0,0.0,0,65,2.0,2.0,4.5,4.5,0,2620.5,0
10,33,"Kuzubov, Yuriy","Rodshtein, Maxim",14112906,2806851,2600,2645,0-1,0.0,1.0,0,45,2.0,2.0,4.5,4.5,0,2622.5,0
10,34,"Puranik, Abhimanyu","Suleymanli, Aydin",5061245,13413937,2640,2602,1/2-1/2,0.5,0.5,1,60,2.0,2.0,4.5,4.5,0,2621.0,0
10,35,"Chigaev, Maksim","Narayanan, S",4108116,5058422,2638,2591,0-1,0.0,1.0,0,40,2.0,2.0,4.5,4.5,0,2614.5,0
10,36,"Gukesh, D","Sargissian, Gabriel",46616543,13300881,2767,2626,1-0,1.0,0.0,0,42,2.5,2.5,4.0,4.0,0,2696.5,0
10,37,"Aronian, Levon","Donchenko, Alexander",13300474,24603295,2744,2624,1/2-1/2,0.5,0.5,1,41,2.5,2.5,4.0,4.0,0,2684.0,0
10,38,"Shankland, Sam","Aryan, Chopra",2004887,5084423,2670,2619,1/2-1/2,0.5,0.5,1,33,2.5,2.5,4.0,4.0,0,2644.5,1
10,39,"Karthikeyan, Murali","Zemlyanskii, Ivan",5074452,24249971,2669,2586,1/2-1/2,0.5,0.5,1,59,2.5,2.5,4.0,4.0,0,2627.5,0
10,40,"Wojtaszek, Radoslaw","Najer, Evgeniy",1118358,4118987,2661,2613,1-0,1.0,0.0,0,83,2.5,2.5,4.0,4.0,0,2637.0,0
10,41,"Gumularz, Szymon","Svane, Frederik",1188062,12923044,2590,2643,1/2-1/2,0.5,0.5,1,87,2.5,2.5,4.0,4.0,0,2616.5,0
10,42,"Moussard, Jules","Salem, A.R. Saleh",642908,9301348,2591,2640,1-0,1.0,0.0,0,23,2.5,2.5,4.0,4.0,0,2615.5,0
10,43,"Ivic, Velimir","Korobov, Anton",950122,14105730,2630,2616,1-0,1.0,0.0,0,53,2.5,2.5,4.0,4.0,0,2623.0,0
10,44,"Bartel, Mateusz","Hovhannisyan, Robert",1112635,13302507,2581,2629,1/2-1/2,0.5,0.5,1,30,2.5,2.5,4.0,4.0,0,2605.0,1
10,45,"Abdisalimov, Abdimalik","Volokitin, Andrei",14206323,14107090,2488,2628,0-1,0.0,1.0,0,37,2.5,2.5,4.0,4.0,0,2558.0,0
10,46,"Sarana, Alexey","Samunenkov, Ihor",24133795,14187086,2686,2550,0-1,0.0,1.0,0,40,3.0,2.5,3.5,4.0,0,2618.0,0
10,47,"Deac, Bogdan-Daniel","Daneshvar, Bardiya",1226380,12576468,2674,2598,1/2-1/2,0.5,0.5,1,30,3.0,3.0,3.5,3.5,0,2636.0,1
10,48,"Xu, Xiangyu","Gelfand, Boris",8608288,2805677,2615,2652,1/2-1/2,0.5,0.5,1,41,3.0,3.0,3.5,3.5,0,2633.5,0
10,49,"Bacrot, Etienne","Matlakov, Maxim",605506,4168003,2637,2609,1/2-1/2,0.5,0.5,1,31,3.0,3.0,3.5,3.5,0,2623.0,1
10,50,"Muradli, Mahammad","Amin, Bassem",13409301,10601457,2590,2636,1/2-1/2,0.5,0.5,1,80,3.0,3.0,3.5,3.5,0,2613.0,0
10,51,"Madaminov, Mukhiddin","Svane, Rasmus",14210703,4657101,2560,2620,1/2-1/2,0.5,0.5,1,37,3.0,3.0,3.5,3.5,0,2590.0,0
10,52,"Eljanov, Pavel","Wagner, Dennis",14102951,24650684,2682,2608,1/2-1/2,0.5,0.5,1,54,3.5,3.5,3.0,3.0,0,2645.0,0
10,53,"Warmerdam, Max","Yuffa, Daniil",1048104,24131423,2591,2648,1-0,1.0,0.0,0,62,3.5,3.5,3.0,3.0,0,2619.5,0
10,54,"Jobava, Baadur","Martirosyan, Haik M.",13601520,13306553,2590,2628,0-1,0.0,1.0,0,38,3.5,3.5,3.0,3.0,0,2609.0,0
10,55,"Santos Latasa, Jaime","Nigmatov, Ortik",2293307,14202131,2620,2488,1-0,1.0,0.0,0,74,3.5,3.5,3.0,3.0,0,2554.0,0
10,56,"Vakhidov, Jakhongir","Suyarov, Mukhammadzokhid",14201801,14210495,2521,2482,0-1,0.0,1.0,0,69,3.5,4.0,3.0,2.5,0,2501.5,0
10,57,"Indjic, Aleksandar","Divya, Deshmukh",911925,35006916,2650,2478,1/2-1/2,0.5,0.5,1,41,2.5,2.5,4.0,4.0,0,2564.0,0
10,58,"Hammer, Jon Ludvig","Olisa, Tennyson Ewomazino",1503707,8511390,2618,2287,1-0,1.0,0.0,0,21,4.0,6.0,2.5,0.5,0,2452.5,0
11,1,"Bluebaum, Matthias","Firouzja, Alireza",24651516,12573981,2671,2754,1/2-1/2,0.5,0.5,1,56,0.0,0.0,7.0,7.0,1,2712.5,0
11,2,"Giri, Anish","Niemann, Hans Moke",24116068,2093596,2746,2733,1-0,1.0,0.0,0,46,0.0,0.0,7.0,7.0,1,2739.5,0
11,3,"Erigaisi, Arjun","Keymer, Vincent",35009192,12940690,2771,2751,1/2-1/2,0.5,0.5,1,49,0.5,0.0,6.5,7.0,1,2761.0,0
11,4,"Abdusattorov, Nodirbek","Liang, Awonder",14204118,2056437,2748,2698,1/2-1/2,0.5,0.5,1,47,0.5,0.5,6.5,6.5,1,2723.0,0
11,5,"Vachier-Lagrave, Maxime","Nihal, Sarin",623539,25092340,2738,2693,1/2-1/2,0.5,0.5,1,31,0.5,0.5,6.5,6.5,1,2715.5,1
11,6,"Woodward, Andy","Yu, Yangyi",30953499,8603820,2557,2714,1/2-1/2,0.5,0.5,1,46,0.5,0.5,6.5,6.5,1,2635.5,0
11,7,"Vidit, Santosh Gujrathi","Mishra, Abhimanyu",5029465,30920019,2712,2611,1/2-1/2,0.5,0.5,1,31,0.5,0.5,6.5,6.5,1,2661.5,1
11,8,"Esipenko, Andrey","Nepomniachtchi, Ian",24175439,4168119,2687,2742,1-0,1.0,0.0,0,40,1.0,1.0,6.0,6.0,0,2714.5,0
11,9,"Mamedyarov, Shakhriyar","Oparin, Grigoriy",13401319,24125890,2741,2660,1-0,1.0,0.0,0,47,1.0,1.0,6.0,6.0,0,2700.5,0
11,10,"Yakubboev, Nodirbek","Fedoseev, Vladimir",14203987,24130737,2681,2731,1-0,1.0,0.0,0,61,1.0,1.0,6.0,6.0,0,2706.0,0
11,11,"Sindarov, Javokhir","Sargsyan, Shant",14205483,13306766,2722,2653,1/2-1/2,0.5,0.5,1,34,1.0,1.0,6.0,6.0,0,2687.5,1
11,12,"Rapport, Richard","Tabatabaei, M. Amin",738590,12521213,2711,2673,1-0,1.0,0.0,0,48,1.0,1.0,6.0,6.0,0,2692.0,0
11,13,"Sevian, Samuel","Predke, Alexandr",2040506,24107581,2692,2609,1-0,1.0,0.0,0,70,1.0,1.0,6.0,6.0,0,2650.5,0
11,14,"Shirov, Alexei","Van Foreest, Jorden",2209390,1039784,2616,2692,1/2-1/2,0.5,0.5,1,55,1.0,1.0,6.0,6.0,0,2654.0,0
11,15,"Theodorou, Nikolas","Praggnanandhaa, R",4262875,25059530,2646,2785,1/2-1/2,0.5,0.5,1,33,1.5,1.5,5.5,5.5,0,2715.5,1
11,16,"Rodshtein, Maxim","Harikrishna, Pentala",2806851,5007003,2645,2704,0-1,0.0,1.0,0,28,1.5,1.5,5.5,5.5,0,2674.5,0
11,17,"Maghsoodloo, Parham","Aditya, Mittal",12539929,35042025,2692,2589,1/2-1/2,0.5,0.5,1,27,1.5,1.5,5.5,5.5,0,2640.5,1
11,18,"Dubov, Daniil","Vokhidov, Shamsiddin",24126055,14204223,2691,2645,1/2-1/2,0.5,0.5,1,37,1.5,1.5,5.5,5.5,0,2668.0,0
11,19,"Maurizzi, Marcandria","Murzin, Volodar",36083534,44155573,2610,2670,1/2-1/2,0.5,0.5,1,32,1.5,1.5,5.5,5.5,0,2640.0,1
11,20,"Sadhwani, Raunak","Hakobyan, Aram",35093487,13306677,2658,2625,1/2-1/2,0.5,0.5,1,12,1.5,1.5,5.5,5.5,0,2641.5,1
11,21,"Lagarde, Maxime","Saric, Ivan",662399,14508150,2609,2655,0-1,0.0,1.0,0,32,1.5,1.5,5.5,5.5,0,2632.0,0
11,22,"Ivanchuk, Vasyl","Grandelius, Nils",14100010,1710400,2608,2648,1/2-1/2,0.5,0.5,1,76,1.5,1.5,5.5,5.5,0,2628.0,0
11,23,"Pranav, V","Lu, Shanglei",25060783,8603332,2596,2647,1-0,1.0,0.0,0,54,1.5,1.5,5.5,5.5,0,2621.5,0
11,24,"Narayanan, S","Erdogmus, Yagiz Kaan",5058422,44599790,2591,2646,1/2-1/2,0.5,0.5,1,30,1.5,1.5,5.5,5.5,0,2618.5,1
11,25,"Volokitin, Andrei","Gukesh, D",14107090,46616543,2628,2767,0-1,0.0,1.0,0,42,2.0,2.0,5.0,5.0,0,2697.5,0
11,26,"Robson, Ray","Ivic, Velimir",2023970,950122,2674,2630,1/2-1/2,0.5,0.5,1,35,2.0,2.0,5.0,5.0,0,2652.0,1
11,27,"Sjugirov, Sanan","Vitiugov, Nikita",4189302,4152956,2627,2666,1/2-1/2,0.5,0.5,1,56,2.0,2.0,5.0,5.0,0,2646.5,0
11,28,"Anton Guijarro, David","Wojtaszek, Radoslaw",2285525,1118358,2625,2661,1/2-1/2,0.5,0.5,1,29,2.0,2.0,5.0,5.0,0,2643.0,1
11,29,"Mendonca, Leon Luke","Grischuk, Alexander",35028561,4126025,2615,2657,0-1,0.0,1.0,0,90,2.0,2.0,5.0,5.0,0,2636.0,0
11,30,"Mamedov, Rauf","Dardha, Daniel",13401653,240990,2651,2624,1-0,1.0,0.0,0,45,2.0,2.0,5.0,5.0,0,2637.5,0
11,31,"Kollars, Dmitrij","Ponomariov, Ruslan",12909572,14103320,2647,2622,1/2-1/2,0.5,0.5,1,115,2.0,2.0,5.0,5.0,0,2634.5,0
11,32,"Samunenkov, Ihor","Puranik, Abhimanyu",14187086,5061245,2550,2640,1-0,1.0,0.0,0,43,2.0,2.0,5.0,5.0,0,2595.0,0
11,33,"Xiong, Jeffery","Goryachkina, Aleksandra",2047640,4147103,2640,2528,1-0,1.0,0.0,0,52,2.0,2.0,5.0,5.0,0,2584.0,0
11,34,"Gurel, Ediz","Moussard, Jules",44507356,642908,2631,2591,1/2-1/2,0.5,0.5,1,36,2.0,2.0,5.0,5.0,0,2611.0,0
11,35,"Suleymanli, Aydin","Shankland, Sam",13413937,2004887,2602,2670,0-1,0.0,1.0,0,41,2.0,2.5,5.0,4.5,0,2636.0,0
11,36,"Demchenko, Anton","Aronian, Levon",4160258,13300474,2620,2744,1/2-1/2,0.5,0.5,1,33,2.5,2.5,4.5,4.5,0,2682.0,1
11,37,"Donchenko, Alexander","Karthikeyan, Murali",24603295,5074452,2624,2669,1-0,1.0,0.0,0,50,2.5,2.5,4.5,4.5,0,2646.5,0
11,38,"Henriquez Villagra, Cristobal","Artemiev, Vladislav",3409350,24101605,2594,2664,1-0,1.0,0.0,0,56,2.5,2.5,4.5,4.5,0,2629.0,0
11,39,"Aryan, Chopra","Bjerre, Jonas Buhl",5084423,1444948,2619,2651,1-0,1.0,0.0,0,48,2.5,2.5,4.5,4.5,0,2635.0,0
11,40,"Bartel, Mateusz","Indjic, Aleksandar",1112635,911925,2581,2650,0-1,0.0,1.0,0,50,2.5,2.5,4.5,4.5,0,2615.5,0
11,41,"Svane, Frederik","Kuzubov, Yuriy",12923044,14112906,2643,2600,1-0,1.0,0.0,0,74,2.5,2.5,4.5,4.5,0,2621.5,0
11,42,"Zemlyanskii, Ivan","Chigaev, Maksim",24249971,4108116,2586,2638,1-0,1.0,0.0,0,0,2.5,2.5,4.5,4.5,0,2612.0,0
11,43,"Hovhannisyan, Robert","Gumularz, Szymon",13302507,1188062,2629,2590,1-0,1.0,0.0,0,31,2.5,2.5,4.5,4.5,0,2609.5,0
11,44,"Korobov, Anton","Deac, Bogdan-Daniel",14105730,1226380,2616,2674,1/2-1/2,0.5,0.5,1,37,3.0,3.0,4.0,4.0,0,2645.0,0
11,45,"Matlakov, Maxim","Gelfand, Boris",4168003,2805677,2609,2652,1/2-1/2,0.5,0.5,1,31,3.0,3.0,4.0,4.0,0,2630.5,1
11,46,"Salem, A.R. Saleh","Xu, Xiangyu",9301348,8608288,2640,2615,1/2-1/2,0.5,0.5,1,25,3.0,3.0,4.0,4.0,0,2627.5,1
11,47,"Najer, Evgeniy","Bacrot, Etienne",4118987,605506,2613,2637,1/2-1/2,0.5,0.5,1,53,3.0,3.0,4.0,4.0,0,2625.0,0
11,48,"Amin, Bassem","Warmerdam, Max",10601457,1048104,2636,2591,1/2-1/2,0.5,0.5,1,35,3.0,3.0,4.0,4.0,0,2613.5,1
11,49,"Martirosyan, Haik M.","Madaminov, Mukhiddin",13306553,14210703,2628,2560,1-0,1.0,0.0,0,31,3.0,3.0,4.0,4.0,0,2594.0,0
11,50,"Sargissian, Gabriel","Muradli, Mahammad",13300881,13409301,2626,2590,1-0,1.0,0.0,0,39,3.0,3.0,4.0,4.0,0,2608.0,0
11,51,"Daneshvar, Bardiya","Santos Latasa, Jaime",12576468,2293307,2598,2620,1-0,1.0,0.0,0,66,3.0,3.0,4.0,4.0,0,2609.0,0
11,52,"Svane, Rasmus","Abdisalimov, Abdimalik",4657101,14206323,2620,2488,0-1,0.0,1.0,0,68,3.0,3.0,4.0,4.0,0,2554.0,0
11,53,"Suyarov, Mukhammadzokhid","Sarana, Alexey",14210495,24133795,2482,2686,1/2-1/2,0.5,0.5,1,120,3.5,3.5,3.5,3.5,0,2584.0,0
11,54,"Wagner, Dennis","Hammer, Jon Ludvig",24650684,1503707,2608,2618,1/2-1/2,0.5,0.5,1,31,3.5,3.5,3.5,3.5,0,2613.0,1
11,55,"Yuffa, Daniil","Eljanov, Pavel",24131423,14102951,2648,2682,1/2-1/2,0.5,0.5,1,39,4.0,3.5,3.0,3.5,0,2665.0,0
11,56,"Nigmatov, Ortik","Vakhidov, Jakhongir",14202131,14201801,2488,2521,0-1,0.0,1.0,0,51,4.0,4.0,3.0,3.0,0,2504.5,0
11,57,"Divya, Deshmukh","Cheparinov, Ivan",35006916,2905540,2478,2627,1/2-1/2,0.5,0.5,1,48,2.5,2.5,4.5,4.5,0,2552.5,0
11,58,"Olisa, Tennyson Ewomazino","Jobava, Baadur",8511390,13601520,2287,2590,1/2-1/2,0.5,0.5,1,17,6.5,4.0,0.5,3.0,0,2438.5,1
