tournament,white,sw,ew,black,sb,eb,result
Grand Swiss 2025 R11,"Bluebaum, Matthias",7.0,2671.0,"Firouzja, Alireza",7.0,2754.0,1/2-1/2
Grand Swiss 2025 R11,"Giri, Anish",7.0,2746.0,"Niemann, Hans Moke",7.0,2733.0,1-0
Grand Swiss 2025 R11,"Erigaisi, Arjun",6.5,2771.0,"Keymer, Vincent",7.0,2751.0,1/2-1/2
Grand Swiss 2025 R11,"Abdusattorov, Nodirbek",6.5,2748.0,"Liang, Awonder",6.5,2698.0,1/2-1/2
Grand Swiss 2025 R11,"Vachier-Lagrave, Maxime",6.5,2738.0,"Nihal, Sarin",6.5,2693.0,1/2-1/2
Grand Swiss 2025 R11,"Woodward, Andy",6.5,2557.0,"Yu, Yangyi",6.5,2714.0,1/2-1/2
Grand Swiss 2025 R11,"Vidit, Santosh Gujrathi",6.5,2712.0,"Mishra, Abhimanyu",6.5,2611.0,1/2-1/2
Menorca 2026 R9,"Mendonca, Leon Luke",7.0,2595.0,"Mishra, Abhimanyu",7.0,2623.0,½-½
Menorca 2026 R9,Pranav Anand,6.5,2596.0,"Sosa, Tomas",6.5,2544.0,0-1
Menorca 2026 R9,"Wu, Yixing",6.5,2343.0,"Iniyan, Pa",6.5,2590.0,½-½
Menorca 2026 R9,"Li, Di",6.5,2556.0,Raja Rithvik R,6.5,2535.0,1-0
